Sr.,Stock Name,Symbol,Links,%Chg,Price,Volume
"1","Tainwala Chemical And Plastic (i) Limited","TAINWALCHM","P&F | F.A","20.00","191.90","40548"
"2","Refex Industries Limited","REFEX","P&F | F.A","18.52","302.10","36614134"
"3","Maha Rashtra Apex Corporation Ltd","MAHAPEXLTD","P&F | F.A","15.03","109.55","596525"
"4","Shakti Pumps (india) Limited","SHAKTIPUMP","P&F | F.A","12.74","733.00","23079881"
"5","Agri-tech (india) Limited","AGRITECH","P&F | F.A","12.72","146.00","194408"
"6","Par Drugs & Chemicals Ltd","PAR","P&F | F.A","12.22","103.30","96449"
"7","Coffee Day Enterprises Limited","COFFEEDAY","P&F | F.A","11.94","36.47","2331546"
"8","Geojit Financial Services","GEOJITFSL","P&F | F.A","10.61","77.34","81179192"
"9","Transformers & Rectifiers India Ltd","TARIL","P&F | F.A","10.28","309.00","42801967"
"10","Handson Global Management (HGM) Ltd","HGM","P&F | F.A","9.99","72.14","8747"
"11","Shree Rama Multi-tech Limited","SHREERAMA","P&F | F.A","9.99","59.33","329160"
"12","AVG Logistics Ltd","AVG","P&F | F.A","9.71","181.62","52515"
"13","Ion Exchange (India) Ltd","IONEXCHANG","P&F | F.A","9.33","383.90","1108899"
"14","Best Agrolife Ltd","BESTAGRO","P&F | F.A","8.34","394.90","725300"
"15","Praj Industries Limited","PRAJIND","P&F | F.A","8.02","328.05","4631070"
"16","Knowledge Marine & Engineering Works Ltd","KMEW","P&F | F.A","8.01","3546.50","192900"
"17","Madhav Copper Ltd","MCL","P&F | F.A","7.88","52.43","351378"
"18","Cineline India Limited","CINELINE","P&F | F.A","7.83","91.53","79460"
"19","Rajoo Engineers Ltd","RAJOOENG","P&F | F.A","7.63","68.31","2668340"
"20","Antelopus Selan Energy Ltd","ANTELOPUS","P&F | F.A","7.48","426.30","148494"
"21","NIBE Ltd","NIBE","P&F | F.A","7.19","1178.50","101858"
"22","InfoBeans Technologies Ltd","INFOBEAN","P&F | F.A","7.08","743.00","403910"
"23","Orbit Exports Limited","ORBTEXP","P&F | F.A","7.08","198.74","73705"
"24","Systematix Corporate Services Ltd","SYSTMTXC","P&F | F.A","6.96","171.30","122524"
"25","Rain Industries Limited","RAIN","P&F | F.A","6.82","114.15","2695550"
"26","D.b.corp Limited","DBCORP","P&F | F.A","6.71","258.35","230220"
"27","Wheels India Limited","WHEELS","P&F | F.A","6.59","897.60","153199"
"28","Concord Enviro Systems Ltd","CEWATER","P&F | F.A","6.40","446.30","196741"
"29","Action Construction Equipment Limited","ACE","P&F | F.A","6.15","991.20","1023139"
"30","SMC Global Securities Ltd","SMCGLOBAL","P&F | F.A","5.96","89.19","2154511"
"31","Aditya Birla Money Limited","BIRLAMONEY","P&F | F.A","5.77","157.00","130348"
"32","Lumax Auto Technologies Limited","LUMAXTECH","P&F | F.A","5.73","1566.20","491495"
"33","Euro India Fresh Foods Ltd","EIFFL","P&F | F.A","5.71","242.81","41793"
"34","Nbcc (india) Limited","NBCC","P&F | F.A","5.69","115.80","26227967"
"35","Cupid Limited","CUPID","P&F | F.A","5.67","416.35","4235768"
"36","Zuari Agro Chemicals Limited","ZUARI","P&F | F.A","5.55","309.95","1908399"
"37","Aarti Industries Limited","AARTIIND","P&F | F.A","5.43","376.35","8821519"
"38","Prime Focus Limited","PFOCUS","P&F | F.A","5.38","211.69","7910939"
"39","Gem Aromatics Ltd","GEMAROMA","P&F | F.A","5.36","148.91","501231"
"40","Iris Clothings Ltd","IRISDOREME","P&F | F.A","5.33","37.56","1040244"
"41","DEE Development Engineers Ltd","DEEDEV","P&F | F.A","5.18","228.77","424718"
"42","Kriti Nutrients Ltd","KRITINUT","P&F | F.A","5.17","67.54","258107"
"43","Nuvoco Vistas Corporation Ltd","NUVOCO","P&F | F.A","5.14","363.00","4152927"
"44","Mold-tek Technologies Limited","MOLDTECH","P&F | F.A","5.14","168.45","54060"
"45","Tvs Electronics Limited","TVSELECT","P&F | F.A","5.00","475.85","23985"
"46","Indo Thai Securities Limited","INDOTHAI","P&F | F.A","5.00","386.55","121909"
"47","S & S Power Switchgear Ltd","S&SPOWER","P&F | F.A","5.00","298.79","3259"
"48","GKENERGY","GKENERGY","P&F | F.A","5.00","165.99","645444"
"49","Prozone Realty Ltd","PROZONER","P&F | F.A","5.00","56.75","235962"
"50","Digjam Ltd","DIGJAMLMTD","P&F | F.A","5.00","51.05","2308"
"51","Swan Defence and Heavy Industries Ltd","SWANDEF","P&F | F.A","4.99","1259.20","2760"
"52","Reliance Infrastructure Limited","RELINFRA","P&F | F.A","4.99","142.53","890112"
"53","Rajratan Global Wire Ltd","RAJRATAN","P&F | F.A","4.97","467.45","147836"
"54","Maan Aluminium Limited","MAANALU","P&F | F.A","4.96","164.20","929442"
"55","Supreme Infrastructure India Limited","SUPREMEINF","P&F | F.A","4.93","94.43","9177"
"56","Vaswani Industries Limited","VASWANI","P&F | F.A","4.85","61.34","315946"
"57","SAL Steel","SALSTEEL","P&F | F.A","4.82","37.00","126438"
"58","Power Mech Projects Limited","POWERMECH","P&F | F.A","4.70","2339.80","99775"
"59","B. L. Kashyap And Sons Limited","BLKASHYAP","P&F | F.A","4.70","53.04","561246"
"60","Edelweiss Financial Services Limited","EDELWEISS","P&F | F.A","4.68","108.26","3608309"
"61","Shringar House of Mangalsutra Ltd","SHRINGARMS","P&F | F.A","4.66","205.77","1198291"
"62","Jai Balaji Industries Limited","JAIBALAJI","P&F | F.A","4.66","63.30","9931046"
"63","Usha Martin Limited","USHAMART","P&F | F.A","4.54","460.60","1210736"
"64","Indraprastha Medical Corporation Limited","INDRAMEDCO","P&F | F.A","4.49","492.00","263368"
"65","Punjab Chemicals & Crop Protection Limited","PUNJABCHEM","P&F | F.A","4.47","1312.60","6099"
"66","Aeroflex Industries Ltd","AEROFLEX","P&F | F.A","4.47","184.00","635125"
"67","Zodiac Energy Ltd","ZODIAC","P&F | F.A","4.46","320.65","73866"
"68","Ufo Moviez India Limited","UFO","P&F | F.A","4.42","81.04","372705"
"69","Mindteck (india) Limited","MINDTECK","P&F | F.A","4.34","205.76","60553"
"70","Kajaria Ceramics Limited","KAJARIACER","P&F | F.A","4.25","1097.80","462620"
"71","Vibhor Steel Tubes Ltd","VSTL","P&F | F.A","4.25","132.20","69665"
"72","Vishnu Prakash R Punglia Ltd","VPRPL","P&F | F.A","4.24","75.91","837989"
"73","Beml Limited","BEML","P&F | F.A","4.19","1761.20","305335"
"74","SG Finserve Ltd","SGFIN","P&F | F.A","4.17","401.00","139726"
"75","Shriram Pistons & Rings Limited","SHRIPISTON","P&F | F.A","4.04","3227.50","258408"
"76","Ather Energy Ltd","ATHERENERG","P&F | F.A","4.01","671.00","1104525"
"77","Hubtown Limited","HUBTOWN","P&F | F.A","4.00","254.90","1605433"
"78","PVR Inox Ltd","PVRINOX","P&F | F.A","3.96","1093.60","2150014"
"79","Netweb Technologies India Ltd","NETWEB","P&F | F.A","3.92","3326.20","428417"
"80","Brand Concepts Ltd","BCONCEPTS","P&F | F.A","3.89","318.00","7231"
"81","Sree Rayalaseema Hi-strength Hypo Limited","SRHHYPOLTD","P&F | F.A","3.87","510.00","5621"
"82","Bhagyanagar India","BHAGYANGR","P&F | F.A","3.83","137.70","98343"
"83","Godavari Biorefineries Ltd","GODAVARIB","P&F | F.A","3.82","263.16","304582"
"84","Gocl Corporation Limited","GOCLCORP","P&F | F.A","3.80","314.00","576507"
"85","Roto Pumps Ltd","ROTO","P&F | F.A","3.80","63.62","525314"
"86","Onmobile Global Limited","ONMOBILE","P&F | F.A","3.77","58.32","1680803"
"87","Cartrade Tech Ltd","CARTRADE","P&F | F.A","3.76","2774.00","229934"
"88","Aia Engineering Limited","AIAENG","P&F | F.A","3.74","3889.90","55360"
"89","OSWALPUMPS","OSWALPUMPS","P&F | F.A","3.72","549.20","1024948"
"90","Senores Pharmaceuticals Ltd","SENORES","P&F | F.A","3.70","815.20","1297183"
"91","AWFIS Space Solutions Ltd","AWFIS","P&F | F.A","3.70","512.40","136803"
"92","Monte Carlo Fashions Limited","MONTECARLO","P&F | F.A","3.67","734.65","32599"
"93","Electrosteel Castings Limited","ELECTCAST","P&F | F.A","3.66","74.14","912113"
"94","Prostarm Info Systems Ltd","PROSTARM","P&F | F.A","3.63","184.64","701987"
"95","Silver Touch Technologies Ltd","SILVERTUC","P&F | F.A","3.62","827.70","129082"
"96","Jupiter Wagons Ltd","JWL","P&F | F.A","3.62","270.25","1459856"
"97","Anant Raj Global Ltd","TARC","P&F | F.A","3.55","151.14","327197"
"98","Godawari Power And Ispat Limited","GPIL","P&F | F.A","3.54","247.06","2528612"
"99","Deepak Nitrite Limited","DEEPAKNTR","P&F | F.A","3.49","1582.00","104682"
"100","Asahi Songwon Colors Limited","ASAHISONG","P&F | F.A","3.49","259.55","5146"
"101","Gandhar Oil Refinery (India) Ltd","GANDHAR","P&F | F.A","3.48","128.98","761932"
"102","Barak Valley Cements Limited","BVCL","P&F | F.A","3.47","42.89","66608"
"103","Il&fs Engineering And Construction Company Limited","IL&FSENGG","P&F | F.A","3.46","26.90","5685"
"104","Kirloskar Brothers Limited","KIRLOSBROS","P&F | F.A","3.44","1698.30","51439"
"105","GNG Electronics Ltd","EBGNG","P&F | F.A","3.42","288.60","136500"
"106","Emmbi Industries Limited","EMMBI","P&F | F.A","3.42","99.30","9502"
"107","Indo Borax & Chemicals Ltd","INDOBORAX","P&F | F.A","3.41","284.04","218414"
"108","Biofil Chemicals & Pharmaceuticals Ltd","BIOFILCHEM","P&F | F.A","3.39","34.80","8538"
"109","Indian Metals & Ferro Alloys Limited","IMFA","P&F | F.A","3.37","1439.00","340016"
"110","Midwest Ltd","MIDWESTLTD","P&F | F.A","3.36","1509.40","140021"
"111","Spl Industries Limited","SPLIL","P&F | F.A","3.35","37.98","3606"
"112","Orient Press Limited","ORIENTLTD","P&F | F.A","3.33","79.95","6035"
"113","ZF Commercial Vehicle Control System India Ltd","ZFCVINDIA","P&F | F.A","3.32","14591.00","9552"
"114","Secmark Consultancy Ltd","SECMARK","P&F | F.A","3.32","120.90","508"
"115","Gpt Infraprojects Limited","GPTINFRA","P&F | F.A","3.29","106.81","785314"
"116","Amber Enterprises India Ltd","AMBER","P&F | F.A","3.28","6843.50","526039"
"117","Aro Granite Industries Limited","AROGRANITE","P&F | F.A","3.28","30.87","7836"
"118","Pansari Developers Ltd","PANSARI","P&F | F.A","3.27","317.40","704"
"119","Narmada Agrobase Ltd","NARMADA","P&F | F.A","3.27","21.19","10123"
"120","Choice International Ltd","CHOICEIN","P&F | F.A","3.26","772.10","548249"
"121","Ritco Logistics Ltd","RITCO","P&F | F.A","3.19","285.05","90364"
"122","Johnson Controls-Hitachi Air Condition. India Ltd","JCHAC","P&F | F.A","3.17","1472.60","13484"
"123","ISGEC Heavy Engineering  Ltd","ISGEC","P&F | F.A","3.17","836.05","33295"
"124","IFGL Refractories Ltd","IFGLEXPOR","P&F | F.A","3.17","215.00","11180"
"125","Jayaswal Neco Industries Limited","JAYNECOIND","P&F | F.A","3.05","74.97","3931714"
"126","EMS Ltd","EMSLIMITED","P&F | F.A","3.04","425.70","121908"
"127","Vascon Engineers Limited","VASCONEQ","P&F | F.A","3.04","46.74","2121178"
"128","Mahalaxmi Fabric Mills Ltd","MFML","P&F | F.A","3.00","26.79","1649"
"129","Transrail Lighting Ltd","TRANSRAILL","P&F | F.A","2.97","601.75","477605"
"130","PDS Ltd","PDSL","P&F | F.A","2.97","373.15","67886"
"131","Semac Consultants Ltd","SEMAC","P&F | F.A","2.95","317.90","5239"
"132","Suven Life Sciences Limited","SUVEN","P&F | F.A","2.95","175.83","346006"
"133","Expleo Solutions Ltd","EXPLEOSOL","P&F | F.A","2.93","1053.00","18426"
"134","Saregama India Limited","SAREGAMA","P&F | F.A","2.93","376.15","838879"
"135","Advance Agrolife Ltd","ADVANCE","P&F | F.A","2.93","125.32","178786"
"136","De Nora India Limited","DENORA","P&F | F.A","2.92","730.00","3251"
"137","Archean Chemical Industries Ltd","ACI","P&F | F.A","2.92","503.75","59183"
"138","Enviro Infra Engineers Ltd","EIEL","P&F | F.A","2.91","206.55","580249"
"139","Oil Country Tubular Limited","OILCOUNTUB","P&F | F.A","2.91","67.62","9021"
"140","Shivam Autotech Limited","SHIVAMAUTO","P&F | F.A","2.90","27.70","50440"
"141","Nandani Creation Ltd","JAIPURKURT","P&F | F.A","2.87","29.00","10243"
"142","R. S. Software (india) Limited","RSSOFTWARE","P&F | F.A","2.86","59.38","71531"
"143","Gujarat Mineral Development Corporation Limited","GMDCLTD","P&F | F.A","2.85","534.70","3900376"
"144","Prudential Sugar Corporation Ltd","PRUDMOULI","P&F | F.A","2.85","23.43","8489"
"145","TransIndia Real Estate Ltd","TREL","P&F | F.A","2.83","28.66","79646"
"146","Eclerx Services Limited","ECLERX","P&F | F.A","2.80","4618.10","41037"
"147","Bombay Super Hybrid Seeds Ltd","BSHSL","P&F | F.A","2.80","101.12","12698"
"148","Mufin Green Finance Ltd","MUFIN","P&F | F.A","2.78","113.50","368243"
"149","Dixon Technologies","DIXON","P&F | F.A","2.77","13749.00","437124"
"150","Pearl Global Industries Limited","PGIL","P&F | F.A","2.77","1634.20","44870"
"151","Upl Limited","UPL","P&F | F.A","2.76","769.00","1097344"
"152","Silgo Retail Ltd","SILGO","P&F | F.A","2.76","74.00","242443"
"153","Trf Limited","TRF","P&F | F.A","2.75","310.55","41476"
"154","Vaibhav Global Limited","VAIBHAVGBL","P&F | F.A","2.75","242.70","185892"
"155","Krsnaa Diagnostics Ltd","KRSNAA","P&F | F.A","2.73","755.75","30098"
"156","Vardhman Acrylics Limited","VARDHACRLC","P&F | F.A","2.70","38.01","20309"
"157","Pnc Infratech Limited","PNCINFRA","P&F | F.A","2.69","261.02","262706"
"158","Share India Securities Ltd","SHAREINDIA","P&F | F.A","2.69","178.04","2136634"
"159","Aditya Birla Real Estate Ltd","ABREL","P&F | F.A","2.66","1718.50","112718"
"160","Aym Syntex Limited","AYMSYNTEX","P&F | F.A","2.65","165.58","2600"
"161","Tarapur Transformers Limited","TARAPUR","P&F | F.A","2.65","31.43","10253"
"162","Suryalakshmi Cotton Mills Limited","SURYALAXMI","P&F | F.A","2.64","59.48","2208"
"163","Aarti Pharmalabs Ltd","AARTIPHARM","P&F | F.A","2.62","759.85","233133"
"164","Moil Limited","MOIL","P&F | F.A","2.57","337.15","1023186"
"165","IKIO Lighting Ltd","IKIO","P&F | F.A","2.57","181.93","60932"
"166","Goodluck India Limited","GOODLUCK","P&F | F.A","2.54","1124.00","73998"
"167","Msp Steel & Power Limited","MSPL","P&F | F.A","2.53","37.29","1720865"
"168","Finkurve Financial Services Ltd","FINKURVE","P&F | F.A","2.52","102.35","10291"
"169","Softtech Engineers Ltd","SOFTTECH","P&F | F.A","2.50","331.75","3862"
"170","Delta Magnets Limited","DELTAMAGNT","P&F | F.A","2.49","73.63","618"
"171","Hi-Tech Pipes Ltd","HITECH","P&F | F.A","2.48","93.80","984618"
"172","Incredible Industries Ltd","INCREDIBLE","P&F | F.A","2.48","41.29","7876"
"173","Linde India Limited","LINDEINDIA","P&F | F.A","2.47","6157.00","28955"
"174","Exicom Tele-Systems Ltd","EXICOM","P&F | F.A","2.47","113.97","253872"
"175","KSB Ltd","KSB","P&F | F.A","2.46","756.25","48520"
"176","Kei Industries Limited","KEI","P&F | F.A","2.42","4165.50","296160"
"177","Lakshmi Finance & Industrial Corporation Limited","LFIC","P&F | F.A","2.40","184.89","563"
"178","Network People Services Technologies Ltd","NPST","P&F | F.A","2.39","1485.40","2912"
"179","R R Kabel Ltd","RRKABEL","P&F | F.A","2.39","1458.00","162871"
"180","Gandhi Special Tubes Limited","GANDHITUBE","P&F | F.A","2.39","767.85","1008"
"181","Kothari Products Limited","KOTHARIPRO","P&F | F.A","2.39","74.47","3337"
"182","Pearl Polymers Limited","PEARLPOLY","P&F | F.A","2.39","22.68","11745"
"183","Sahyadri Industries Ltd","SAHYADRI","P&F | F.A","2.38","256.00","1228"
"184","Swelect Energy Systems Limited","SWELECTES","P&F | F.A","2.37","655.55","10815"
"185","KPI Green Energy Ltd","KPIGREEN","P&F | F.A","2.37","434.80","802508"
"186","Nrb Bearing Limited","NRBBEARING","P&F | F.A","2.37","291.40","91259"
"187","Worth Peripherals Ltd","WORTHPERI","P&F | F.A","2.37","144.91","6668"
"188","Bigbloc Construction Limited","BIGBLOC","P&F | F.A","2.37","67.94","115619"
"189","Wendt (india) Limited","WENDT","P&F | F.A","2.36","8315.00","5323"
"190","Alivus Life Sciences Ltd","ALIVUS","P&F | F.A","2.36","909.65","65352"
"191","Jocil Limited","JOCIL","P&F | F.A","2.36","148.24","625"
"192","Gkw Limited","GKWLIMITED","P&F | F.A","2.34","1744.00","371"
"193","CP Capital Limited","CPCAP","P&F | F.A","2.33","117.19","6960"
"194","Britannia Industries Limited","BRITANNIA","P&F | F.A","2.31","6052.00","166764"
"195","Sun Tv Network Limited","SUNTV","P&F | F.A","2.31","575.50","231339"
"196","Jk Tyre & Industries Limited","JKTYRE","P&F | F.A","2.31","465.50","345780"
"197","Indef Manufacturing Ltd","BAJAJINDEF","P&F | F.A","2.31","329.65","9351"
"198","Indoco Remedies Limited","INDOCO","P&F | F.A","2.31","248.15","13273"
"199","Sagility India Ltd","SAGILITY","P&F | F.A","2.31","50.94","37073303"
"200","Interglobe Aviation Limited","INDIGO","P&F | F.A","2.29","4972.00","3185495"
"201","DCX Systems Ltd","DCXINDIA","P&F | F.A","2.29","165.85","433080"
"202","Ganesha Ecosphere Limited","GANECOS","P&F | F.A","2.27","893.80","51846"
"203","Ashoka Buildcon Limited","ASHOKA","P&F | F.A","2.27","169.20","1396151"
"204","KALPATARU","KALPATARU","P&F | F.A","2.26","357.70","77959"
"205","Omax Autos Limited","OMAXAUTO","P&F | F.A","2.26","101.53","157991"
"206","Dredging Corporation Of India Limited","DREDGECORP","P&F | F.A","2.25","1058.00","681985"
"207","Shivalik Bimetal Controls Ltd","SBCL","P&F | F.A","2.24","461.70","27930"
"208","Sunflag Iron And Steel Company Limited","SUNFLAG","P&F | F.A","2.24","257.50","158990"
"209","Piccadily Agro Industries Ltd","PICCADIL","P&F | F.A","2.23","569.10","62952"
"210","Seshasayee Paper And Boards Limited","SESHAPAPER","P&F | F.A","2.23","247.02","21802"
"211","Protean eGov Technologies Ltd","PROTEAN","P&F | F.A","2.22","788.80","234650"
"212","The Ruby Mills Limited","RUBYMILLS","P&F | F.A","2.22","222.41","12764"
"213","IDFC First Bank Ltd","IDFCFIRSTB","P&F | F.A","2.22","84.12","32212293"
"214","Gulf Oil Lubricants India Limited","GULFOILLUB","P&F | F.A","2.21","1184.80","30429"
"215","Gujarat Apollo Industries Limited","GUJAPOLLO","P&F | F.A","2.21","449.00","5038"
"216","Jain Resource Recycling Ltd","JAINREC","P&F | F.A","2.21","391.25","492108"
"217","Indian Oil Corporation Limited","IOC","P&F | F.A","2.19","167.25","25321315"
"218","Redtape Ltd","REDTAPE","P&F | F.A","2.18","126.71","99366"
"219","XT Global Infotech Ltd","XTGLOBAL","P&F | F.A","2.18","38.88","26524"
"220","Oriental Aromatics Ltd","OAL","P&F | F.A","2.17","290.00","3662"
"221","LIC MF Gold ETF","LICMFGOLD","P&F | F.A","2.15","12070.05","5276"
"222","TBO Tek Ltd","TBOTEK","P&F | F.A","2.15","1694.90","277793"
"223","Prabha Energy Ltd","PRABHA","P&F | F.A","2.15","190.61","18099"
"224","Themis Medicare Limited","THEMISMED","P&F | F.A","2.15","105.51","72213"
"225","Dcw Limited","DCW","P&F | F.A","2.15","61.71","1222599"
"226","Rajdarshan Industries Ltd","ARENTERP","P&F | F.A","2.15","50.46","933"
"227","Keynote Financial Services Ltd","KEYFINSERV","P&F | F.A","2.14","321.85","17597"
"228","Neuland Laboratories Limited","NEULANDLAB","P&F | F.A","2.13","16421.00","20819"
"229","Ceat Limited","CEATLTD","P&F | F.A","2.13","3809.90","66433"
"230","Man Industries (india) Limited","MANINDS","P&F | F.A","2.13","452.85","452186"
"231","Modi Rubber Ltd","MODIRUBBER","P&F | F.A","2.13","105.43","1301"
"232","GHCL Textiles Ltd","GHCLTEXTIL","P&F | F.A","2.12","73.80","222853"
"233","Delta Corp Limited","DELTACORP","P&F | F.A","2.12","71.78","1173755"
"234","Whirlpool Of India Limited","WHIRLPOOL","P&F | F.A","2.11","944.90","275222"
"235","Dolphin Offshore Enterprises (India) Ltd","DOLPHIN","P&F | F.A","2.11","389.40","13353"
"236","Bal Pharma Limited","BALPHARMA","P&F | F.A","2.11","75.10","7479"
"237","ESAF Small Finance Bank Ltd","ESAFSFB","P&F | F.A","2.11","26.19","388248"
"238","Atal Realtech Ltd","ATALREAL","P&F | F.A","2.11","24.67","3059432"
"239","Waaree Renewables Technologies Ltd","WAAREERTL","P&F | F.A","2.10","968.80","511377"
"240","Kec International Limited","KEC","P&F | F.A","2.08","705.30","3904380"
"241","GE Power India Ltd","GVPIL","P&F | F.A","2.08","319.05","216621"
"242","5Paisa Capital Ltd","5PAISA","P&F | F.A","2.08","314.35","46322"
"243","Aether Industries Ltd","AETHER","P&F | F.A","2.07","882.70","147139"
"244","Mold-tek Packaging Limited","MOLDTKPAC","P&F | F.A","2.07","584.25","27039"
"245","Gujarat Pipavav Port Limited","GPPL","P&F | F.A","2.07","192.19","1568628"
"246","Likhitha Infrastructure Ltd","LIKHITHA","P&F | F.A","2.07","188.12","25065"
"247","Karma Energy Limited","KARMAENG","P&F | F.A","2.04","52.99","2056"
"248","GMR Power & Urban Infra Ltd","GMRP&UI","P&F | F.A","2.03","117.43","1435865"
"249","Bikaji Foods International Ltd","BIKAJI","P&F | F.A","2.02","743.90","199826"
"250","Balrampur Chini Mills Limited","BALRAMCHIN","P&F | F.A","2.02","447.45","196071"
"251","Udayshivakumar Infra Ltd","USK","P&F | F.A","2.01","23.39","19601"
"252","Tatva Chintan Pharma Chem Ltd","TATVA","P&F | F.A","2.00","1466.30","37679"
"253","Navkar Corporation Limited","NAVKARCORP","P&F | F.A","1.99","96.86","233828"
"254","Irb Infrastructure Developers Limited","IRB","P&F | F.A","1.99","42.08","6015244"
"255","Indiamart Intermesh Ltd","INDIAMART","P&F | F.A","1.98","2276.40","19483"
"256","NIFTYMEDIA","NIFTYMEDIA","P&F | F.A","1.98","1437.75","0"
"257","Dynacons Systems & Solutions Limited","DSSL","P&F | F.A","1.98","998.20","1809640"
"258","Empyrean Cashews Ltd","KRISHIVAL","P&F | F.A","1.98","479.00","10464"
"259","Ujjivan Small Finance Bank Ltd","UJJIVANSFB","P&F | F.A","1.98","54.07","4844444"
"260","Art Nirman Ltd","ARTNIRMAN","P&F | F.A","1.98","46.39","2048"
"261","Twenty First Century Management Services Ltd","21STCENMGM","P&F | F.A","1.98","45.77","9644"
"262","Lg Balakrishnan & Bros Limited","LGBBROSLTD","P&F | F.A","1.97","1931.80","24317"
"263","Balu Forge Industries Ltd","BALUFORGE","P&F | F.A","1.96","648.95","850425"
"264","Maheshwari Logistics Ltd","MAHESHWARI","P&F | F.A","1.96","49.46","2540"
"265","Jubilant Ingrevia Ltd","JUBLINGREA","P&F | F.A","1.94","709.00","120647"
"266","Adf Foods Limited","ADFFOODS","P&F | F.A","1.94","214.87","225440"
"267","Supreme Industries Limited","SUPREMEIND","P&F | F.A","1.93","3283.30","384118"
"268","Dalmia Bharat Sugar And Industries Limited","DALMIASUG","P&F | F.A","1.93","303.40","16736"
"269","Elgi Rubber Company Limited","ELGIRUBCO","P&F | F.A","1.93","53.96","34016"
"270","Texmaco Rail & Engineering Limited","TEXRAIL","P&F | F.A","1.92","128.33","1075188"
"271","Xelpmoc Design and Tech Ltd","XELPMOC","P&F | F.A","1.91","135.55","15756"
"272","Lumax Industries Limited","LUMAXIND","P&F | F.A","1.89","5600.00","10181"
"273","CSL Finance Ltd","CSLFINANCE","P&F | F.A","1.89","296.25","4236"
"274","Lords Chloro Alkali Ltd","LORDSCHLO","P&F | F.A","1.89","177.48","3110"
"275","Interarch Building Products Ltd","INTERARCH","P&F | F.A","1.88","2429.70","42168"
"276","Shriram Finance Ltd","SHRIRAMFIN","P&F | F.A","1.88","863.90","2722972"
"277","Security & Intelligence Services India","SIS","P&F | F.A","1.88","330.95","62515"
"278","Niit Limited","NIITLTD","P&F | F.A","1.88","89.78","149860"
"279","Thomas Cook  (india)  Limited","THOMASCOOK","P&F | F.A","1.87","141.79","1567253"
"280","A B M International Ltd","ABMINTLLTD","P&F | F.A","1.87","43.00","48"
"281","Ashok Leyland Limited","ASHOKLEY","P&F | F.A","1.86","166.91","11217761"
"282","Nahar Industrial Enterprises Limited","NAHARINDUS","P&F | F.A","1.86","111.10","9373"
"283","Capacite Infraprojects Ltd","CAPACITE","P&F | F.A","1.85","262.20","115815"
"284","Bajaj Consumer Care Ltd","BAJAJCON","P&F | F.A","1.85","258.75","142088"
"285","Bombay Dyeing & Mfg Company Limited","BOMDYEING","P&F | F.A","1.85","133.81","584475"
"286","Mallcom (India) Ltd","MALLCOM","P&F | F.A","1.84","1174.80","1782"
"287","Stel Holdings Limited","STEL","P&F | F.A","1.84","537.60","6416"
"288","The Anup Engineering Ltd","ANUP","P&F | F.A","1.82","2258.90","6821"
"289","Indo Tech Transformers Limited","INDOTECH","P&F | F.A","1.81","1627.20","6524"
"290","Jindal Saw Limited","JINDALSAW","P&F | F.A","1.80","164.10","798780"
"291","Siemens Energy India Ltd","ENRIN","P&F | F.A","1.79","2945.40","343372"
"292","Time Technoplast Limited","TIMETECHNO","P&F | F.A","1.79","190.17","1477392"
"293","Sangam (india) Limited","SANGAMIND","P&F | F.A","1.78","451.25","31158"
"294","Sms Pharmaceuticals Limited","SMSPHARMA","P&F | F.A","1.78","326.40","378111"
"295","Spml Infra Limited","SPMLINFRA","P&F | F.A","1.78","177.21","101898"
"296","Consolidated Finvest & Holdings Limited","CONSOFINVT","P&F | F.A","1.78","169.53","2396"
"297","Balkrishna Industries Limited","BALKRISIND","P&F | F.A","1.77","2390.50","33206"
"298","Titagarh Rail Systems Ltd","TITAGARH","P&F | F.A","1.77","792.20","516926"
"299","Shreyas Shipping & Logistics Ltd","TRANSWORLD","P&F | F.A","1.77","183.62","15106"
"300","Allcargo Terminals Ltd","ATL","P&F | F.A","1.77","27.00","180353"
"301","Kirloskar Industries Limited","KIRLOSIND","P&F | F.A","1.76","3367.10","3047"
"302","Epack Durable Ltd","EPACK","P&F | F.A","1.76","260.00","426942"
"303","Vinyl Chemicals (india) Limited","VINYLINDIA","P&F | F.A","1.75","243.62","3151"
"304","Omaxe Limited","OMAXE","P&F | F.A","1.75","66.16","155182"
"305","Orient Ceratech Ltd","ORIENTCER","P&F | F.A","1.75","42.96","38367"
"306","Epigral Ltd","EPIGRAL","P&F | F.A","1.74","1437.10","22769"
"307","Astec Lifesciences Limited","ASTEC","P&F | F.A","1.74","716.15","174718"
"308","Railtel Corporation of India Ltd","RAILTEL","P&F | F.A","1.73","334.90","503995"
"309","Talbros Automotive Components Limited","TALBROAUTO","P&F | F.A","1.73","285.60","20380"
"310","Basf India Limited","BASF","P&F | F.A","1.72","3968.60","12568"
"311","Chemplast Sanmar Ltd","CHEMPLASTS","P&F | F.A","1.72","265.90","32306"
"312","Dishman Carbogen Amcis Ltd","DCAL","P&F | F.A","1.71","223.44","187435"
"313","Kirloskar Electric Company Limited","KECL","P&F | F.A","1.71","103.48","75596"
"314","Ivp Limited","IVP","P&F | F.A","1.69","150.00","2630"
"315","NDR Auto Components Ltd","NDRAUTO","P&F | F.A","1.67","832.90","40429"
"316","Khaitan (india) Limited","KHAITANLTD","P&F | F.A","1.67","100.00","1990"
"317","Fertilizers And Chemicals Travancore Limited","FACT","P&F | F.A","1.66","840.85","85973"
"318","Hexaware Technologies Ltd","HEXT","P&F | F.A","1.66","774.50","91394"
"319","Shah Alloys Limited","SHAHALLOYS","P&F | F.A","1.66","70.48","10643"
"320","Privi Speciality Chemicals Ltd","PRIVISCL","P&F | F.A","1.65","3127.00","17651"
"321","Prudent Corporate Advisory Services Ltd","PRUDENT","P&F | F.A","1.64","2660.80","82411"
"322","Himadri Speciality Chemical Limited","HSCL","P&F | F.A","1.64","473.20","719596"
"323","Panama Petrochem Limited","PANAMAPET","P&F | F.A","1.63","281.00","14176"
"324","Gic Housing Finance Limited","GICHSGFIN","P&F | F.A","1.63","164.55","66840"
"325","Tiger Logistics (India) Ltd","TIGERLOGS","P&F | F.A","1.63","38.73","70338"
"326","Dreamfolks Services Ltd","DREAMFOLKS","P&F | F.A","1.62","113.83","79630"
"327","Hindustan Unilever Limited","HINDUNILVR","P&F | F.A","1.61","2297.00","735184"
"328","Heubach Colorants India Ltd","HEUBACHIND","P&F | F.A","1.61","450.20","4550"
"329","Pasupati Acrylon Ltd","PASUPTAC","P&F | F.A","1.61","53.09","72444"
"330","Arvind Limited","ARVIND","P&F | F.A","1.60","323.25","191775"
"331","Zuari Industries Ltd","ZUARIIND","P&F | F.A","1.60","321.45","184680"
"332","Banswara Syntex Limited","BANSWRAS","P&F | F.A","1.60","116.00","6399"
"333","Oricon Enterprises Limited","ORICONENT","P&F | F.A","1.60","59.85","136806"
"334","Capital India Finance Ltd","CIFL","P&F | F.A","1.60","35.60","663802"
"335","United Polyfab Gujarat Ltd","UNITEDPOLY","P&F | F.A","1.60","30.50","524504"
"336","Esab India Limited","ESABINDIA","P&F | F.A","1.59","6292.50","9035"
"337","Birla Corporation Limited","BIRLACORPN","P&F | F.A","1.59","1087.40","27823"
"338","Syngene International Limited","SYNGENE","P&F | F.A","1.59","657.30","523221"
"339","Deep Industries Ltd","DEEPINDS","P&F | F.A","1.59","448.25","91751"
"340","Orient Electric Ltd","ORIENTELEC","P&F | F.A","1.59","182.22","67873"
"341","The Investment Trust of India Ltd","THEINVEST","P&F | F.A","1.59","117.84","6500"
"342","Tarmat Limited","TARMAT","P&F | F.A","1.59","52.47","753"
"343","Nahar Capital And Financial Services Limited","NAHARCAP","P&F | F.A","1.58","266.05","2195"
"344","Plaza Wires Ltd","PLAZACABLE","P&F | F.A","1.58","41.12","36924"
"345","Hindustan Petroleum Corporation Limited","HINDPETRO","P&F | F.A","1.57","467.10","1892402"
"346","Poddar Pigments Limited","PODDARMENT","P&F | F.A","1.57","259.05","1441"
"347","Master Trust Ltd","MASTERTR","P&F | F.A","1.57","122.09","253977"
"348","Archidply Industries Limited","ARCHIDPLY","P&F | F.A","1.57","93.99","17403"
"349","Akzo Nobel India Limited","AKZOINDIA","P&F | F.A","1.56","3657.20","54904"
"350","Jk Lakshmi Cement Limited","JKLAKSHMI","P&F | F.A","1.56","792.15","80778"
"351","OCCL Ltd","OCCLLTD","P&F | F.A","1.56","96.46","19217"
"352","Imagicaaworld Entertainment Ltd","IMAGICAA","P&F | F.A","1.56","50.19","162762"
"353","Uniparts India Ltd","UNIPARTS","P&F | F.A","1.55","497.00","44448"
"354","Mangalam Organics Ltd","MANORG","P&F | F.A","1.55","490.00","1750"
"355","Garuda Construction and Engineering Ltd","GARUDA","P&F | F.A","1.55","205.75","343453"
"356","Hisar Metal Industries Ltd","HISARMETAL","P&F | F.A","1.55","161.00","459"
"357","Go Digit General Insurance Ltd","GODIGIT","P&F | F.A","1.54","347.25","246892"
"358","Rossell Techsys Ltd","ROSSTECH","P&F | F.A","1.53","684.00","33728"
"359","Tsf Investments Ltd","TSFINV","P&F | F.A","1.53","468.30","52164"
"360","EPL Ltd","EPL","P&F | F.A","1.53","219.82","719349"
"361","Jamna Auto Industries Limited","JAMNAAUTO","P&F | F.A","1.53","126.70","1681227"
"362","Rpg Life Sciences Limited","RPGLIFE","P&F | F.A","1.52","2351.60","6474"
"363","Td Power Systems Limited","TDPOWERSYS","P&F | F.A","1.52","697.55","227789"
"364","Igarashi Motors India Limited","IGARASHI","P&F | F.A","1.52","437.20","21132"
"365","Kansai Nerolac Paints Limited","KANSAINER","P&F | F.A","1.52","226.90","76354"
"366","Ahluwalia Contracts (india) Limited","AHLUCONT","P&F | F.A","1.51","973.20","46841"
"367","Marico Limited","MARICO","P&F | F.A","1.51","738.05","1032407"
"368","Aadhar Housing Finance Ltd","AADHARHFC","P&F | F.A","1.51","496.30","143972"
"369","Krbl Limited","KRBL","P&F | F.A","1.51","395.95","119797"
"370","Valiant Laboratories Ltd","VALIANTLAB","P&F | F.A","1.51","67.87","22267"
"371","Uravi T and Wedge Lamps Ltd","URAVIDEF","P&F | F.A","1.50","167.12","2030"
"372","Mcleod Russel India Limited","MCLEODRUSS","P&F | F.A","1.50","49.40","170751"
"373","Digidrive Distributors Ltd","DIGIDRIVE","P&F | F.A","1.50","26.98","3248"
"374","MSTC Ltd","MSTCLTD","P&F | F.A","1.49","478.00","56780"
"375","Suraksha Diagnostic Ltd","SURAKSHA","P&F | F.A","1.49","286.60","14120"
"376","The Federal Bank  Limited","FEDERALBNK","P&F | F.A","1.49","265.25","7178381"
"377","Jayshree Tea & Industries Limited","JAYSREETEA","P&F | F.A","1.49","89.31","24230"
"378","Geecee Ventures Limited","GEECEE","P&F | F.A","1.48","345.55","573"
"379","Indo Farm Equipment Ltd","INDOFARM","P&F | F.A","1.48","193.55","48854"
"380","Concord Biotech Ltd","CONCORDBIO","P&F | F.A","1.47","1390.00","32943"
"381","Den Networks Limited","DEN","P&F | F.A","1.47","31.06","247265"
"382","Krishana Phoschem Ltd","KRISHANA","P&F | F.A","1.46","534.10","44482"
"383","Ginni Filaments Limited","GINNIFILA","P&F | F.A","1.46","39.51","170682"
"384","Jindal Stainless Limited","JSL","P&F | F.A","1.45","797.05","246975"
"385","Route Mobile Ltd","ROUTE","P&F | F.A","1.45","685.40","99884"
"386","Startech Finance Ltd","STARTECK","P&F | F.A","1.44","273.90","7586"
"387","Kddl Limited","KDDL","P&F | F.A","1.43","2340.10","3966"
"388","ICE Make Refrigeration Ltd","ICEMAKE","P&F | F.A","1.43","773.45","28454"
"389","Steel Strips Wheels Limited","SSWL","P&F | F.A","1.43","191.27","104587"
"390","Weizmann Limited","WEIZMANIND","P&F | F.A","1.43","101.44","253"
"391","Khandwala Securities Limited","KHANDSE","P&F | F.A","1.42","22.18","1396"
"392","Vidhi Specialty Food Ingredients","VIDHIING","P&F | F.A","1.41","334.35","3774"
"393","Baazar Style Retail Ltd","STYLEBAAZA","P&F | F.A","1.40","279.10","79142"
"394","Timken India Limited","TIMKEN","P&F | F.A","1.39","3096.60","13798"
"395","Aarti Surfactants Ltd","AARTISURF","P&F | F.A","1.39","406.05","1044"
"396","Euro Panel Products Ltd","EUROBOND","P&F | F.A","1.39","183.30","2035"
"397","Deepak Fertilizers And Petrochemicals Corporation Limited","DEEPAKFERT","P&F | F.A","1.38","1253.40","66572"
"398","Minda Corporation Limited","MINDACORP","P&F | F.A","1.38","593.00","314805"
"399","Swan Corp Ltd","SWANCORP","P&F | F.A","1.37","462.70","641390"
"400","Canara HSBC Life Insurance Company Ltd","CANHLIFE","P&F | F.A","1.37","123.51","2505885"
"401","Tamilnad Mercantile Bank Ltd","TMB","P&F | F.A","1.36","514.00","76067"
"402","Bhageria Industries Limited","BHAGERIA","P&F | F.A","1.36","179.77","26539"
"403","Aditya Infotech Ltd","CPPLUS","P&F | F.A","1.35","1575.90","66024"
"404","Sejal Glass Ltd","SEJALLTD","P&F | F.A","1.35","854.95","5718"
"405","Sky Gold Ltd","SKYGOLD","P&F | F.A","1.35","327.40","161998"
"406","Aries Agro Limited","ARIES","P&F | F.A","1.35","327.10","24563"
"407","Rubfila International Ltd","RUBFILA","P&F | F.A","1.35","76.06","54943"
"408","Hindcon Chemicals Ltd","HINDCON","P&F | F.A","1.35","28.62","55245"
"409","Asahi India Glass Limited","ASAHIINDIA","P&F | F.A","1.34","1009.50","37387"
"410","Vedant Fashions Ltd","MANYAVAR","P&F | F.A","1.34","604.35","46605"
"411","Gujarat Industries Power Company Limited","GIPCL","P&F | F.A","1.34","149.71","149295"
"412","Crown Lifters Ltd","CROWN","P&F | F.A","1.34","139.50","28861"
"413","Dhruv Consultancy Services Ltd","DHRUV","P&F | F.A","1.34","48.28","2385"
"414","Vip Clothing Limited","VIPCLOTHNG","P&F | F.A","1.34","34.00","28817"
"415","Kiocl Limited","KIOCL","P&F | F.A","1.33","349.50","108588"
"416","Digitide Solutions Ltd","DIGITIDE","P&F | F.A","1.33","141.75","91511"
"417","Aptech Limited","APTECHT","P&F | F.A","1.33","98.54","88203"
"418","Equitas Small Finance Bank Ltd","EQUITASBNK","P&F | F.A","1.33","59.48","3827634"
"419","Procter & Gamble Health Ltd","PGHL","P&F | F.A","1.32","5651.00","2721"
"420","Eveready Industries India Limited","EVEREADY","P&F | F.A","1.32","329.05","65840"
"421","RHI Magnesita India Ltd","RHIM","P&F | F.A","1.31","448.10","45626"
"422","Nahar Poly Films Limited","NAHARPOLY","P&F | F.A","1.31","263.10","8174"
"423","Canara Bank","CANBK","P&F | F.A","1.31","148.55","11895527"
"424","V.s.t Tillers Tractors Limited","VSTTILLERS","P&F | F.A","1.30","5835.00","8373"
"425","Dalmia Bharat Limited","DALBHARAT","P&F | F.A","1.30","2099.10","159916"
"426","Shyam Metalics & Energy Ltd","SHYAMMETL","P&F | F.A","1.30","811.40","91839"
"427","Rajesh Exports Limited","RAJESHEXPO","P&F | F.A","1.30","194.75","276800"
"428","Greaves Cotton Limited","GREAVESCOT","P&F | F.A","1.30","184.32","392646"
"429","Jeena Sikho Lifecare Ltd","JSLL","P&F | F.A","1.29","718.35","94919"
"430","Spandana Sphoorty Financial Ltd","SPANDANA","P&F | F.A","1.29","274.55","248142"
"431","Prakash Pipes Ltd","PPL","P&F | F.A","1.29","254.35","58037"
"432","Palash Securities","PALASHSECU","P&F | F.A","1.29","110.31","330"
"433","Garware Technical Fibres Ltd","GARFIBRES","P&F | F.A","1.28","678.90","21847"
"434","Vimta Labs Limited","VIMTALABS","P&F | F.A","1.28","608.80","79542"
"435","Skipper Limited","SKIPPER","P&F | F.A","1.28","443.40","66272"
"436","Kcp Limited","KCP","P&F | F.A","1.28","182.99","60232"
"437","Gulshan Polyols Limited","GULPOLY","P&F | F.A","1.28","137.85","49585"
"438","Groww Gold ETF","GROWWGOLD","P&F | F.A","1.27","130.74","531078"
"439","Alkali Metals Limited","ALKALI","P&F | F.A","1.27","82.89","3970"
"440","Coral India Finance & Housing Ltd","CORALFINAC","P&F | F.A","1.27","39.81","16992"
"441","MTAR Technologies Ltd","MTARTECH","P&F | F.A","1.26","2375.00","158578"
"442","Shanti Gold International Ltd","SHANTIGOLD","P&F | F.A","1.26","196.37","92153"
"443","Aditya Birla Sun Life Gold ETF","BSLGOLDETF","P&F | F.A","1.26","117.59","268523"
"444","RACL Geartech Ltd","RACLGEAR","P&F | F.A","1.25","1057.60","7729"
"445","Gujarat Alkalies And Chemicals Limited","GUJALKALI","P&F | F.A","1.25","513.55","7505"
"446","Sastasundar Ventures Limited","SASTASUNDR","P&F | F.A","1.25","304.65","3567"
"447","The Sandesh Limited","SANDESH","P&F | F.A","1.24","1080.70","208"
"448","Finolex Cables Limited","FINCABLES","P&F | F.A","1.24","749.30","54736"
"449","Raymond Limited","RAYMOND","P&F | F.A","1.24","457.50","65410"
"450","Mmtc Limited","MMTC","P&F | F.A","1.23","55.98","1673496"
"451","Balaxi Pharmaceuticals Ltd","BALAXI","P&F | F.A","1.23","30.43","53230"
"452","Healthcare Global Enterprises Limited","HCG","P&F | F.A","1.21","723.80","58681"
"453","Dynamic Cables Ltd","DYCL","P&F | F.A","1.21","338.00","113936"
"454","Veto Switchgears And Cables Limited","VETO","P&F | F.A","1.21","109.93","10843"
"455","Ajmera Realty & Infra India Limited","AJMERA","P&F | F.A","1.20","1005.20","34974"
"456","Universal Cables Limited","UNIVCABLES","P&F | F.A","1.20","906.00","38257"
"457","Graphite India Limited","GRAPHITE","P&F | F.A","1.20","547.95","232948"
"458","GRM Overseas Ltd","GRMOVER","P&F | F.A","1.20","456.30","612654"
"459","Himatsingka Seide Limited","HIMATSEIDE","P&F | F.A","1.20","118.15","164853"
"460","Golden Tobacco Limited","GOLDENTOBC","P&F | F.A","1.20","32.80","912"
"461","Craftsman Automation Ltd","CRAFTSMAN","P&F | F.A","1.19","7099.50","33929"
"462","Suprajit Engineering Limited","SUPRAJIT","P&F | F.A","1.19","450.00","51937"
"463","Quantum Gold Fund ETF","QGOLDHALF","P&F | F.A","1.19","110.68","42565"
"464","Magnum Ventures Limited","MAGNUM","P&F | F.A","1.19","22.95","15095"
"465","Venky's (india) Limited","VENKEYS","P&F | F.A","1.18","1437.40","66569"
"466","Motilal Oswal Gold ETF","MOGOLD","P&F | F.A","1.18","132.40","202361"
"467","Nakoda Group of Industries Ltd","NGIL","P&F | F.A","1.18","29.98","23410"
"468","Five-Star Business Finance Ltd","FIVESTAR","P&F | F.A","1.17","573.75","587156"
"469","Cantabil Retail India Limited","CANTABIL","P&F | F.A","1.17","262.66","27005"
"470","Engineers India Limited","ENGINERSIN","P&F | F.A","1.17","195.03","855683"
"471","Bajaj Holdings & Investment Limited","BAJAJHLDNG","P&F | F.A","1.16","11026.00","39940"
"472","Ambuja Cements Limited","AMBUJACEM","P&F | F.A","1.16","554.50","936813"
"473","Jullundur Motor Agency (delhi) Limited","JMA","P&F | F.A","1.16","79.97","3295"
"474","AU Small Finance Bank","AUBANK","P&F | F.A","1.15","979.20","1084203"
"475","Synergy Green Industries Ltd","SGIL","P&F | F.A","1.15","538.45","21977"
"476","GPT Healthcare Ltd","GPTHEALTH","P&F | F.A","1.14","141.33","36249"
"477","Mirae Asset Gold ETF","GOLDETF","P&F | F.A","1.14","129.77","1231162"
"478","Sambhv Steel Tubes Ltd","SAMBHV","P&F | F.A","1.14","96.21","380893"
"479","Alpa Laboratories Limited","ALPA","P&F | F.A","1.14","81.50","40142"
"480","Gravita India Limited","GRAVITA","P&F | F.A","1.13","1865.00","166628"
"481","Platinum Industries Ltd","PLATIND","P&F | F.A","1.13","251.65","51049"
"482","Rashtriya Chemicals And Fertilizers Limited","RCF","P&F | F.A","1.13","139.75","563392"
"483","HILINFRA","HILINFRA","P&F | F.A","1.13","61.78","112054"
"484","Oswal Agro Mills Ltd","OSWALAGRO","P&F | F.A","1.13","60.09","19428"
"485","Alkyl Amines Chemicals Limited","ALKYLAMINE","P&F | F.A","1.12","1614.00","15897"
"486","Ajax Engineering Ltd","AJAXENGG","P&F | F.A","1.12","608.85","17982"
"487","PCBL Ltd","PCBL","P&F | F.A","1.12","316.90","254235"
"488","Banka Bioloo Ltd","BANKA","P&F | F.A","1.12","66.79","757"
"489","N. B. I. Industrial Finance Company Limited","NBIFIN","P&F | F.A","1.11","2286.90","62"
"490","Balaji Amines Limited","BALAMINES","P&F | F.A","1.11","1133.00","50626"
"491","Indian Terrain Fashions Limited","INDTERRAIN","P&F | F.A","1.11","35.52","3124"
"492","Tolins Tyres Ltd","TOLINS","P&F | F.A","1.10","135.69","54494"
"493","Arman Financial Services Limited","ARMANFIN","P&F | F.A","1.09","1498.80","21280"
"494","Va Tech Wabag Limited","WABAG","P&F | F.A","1.09","1259.40","252508"
"495","Heritage Foods Limited","HERITGFOOD","P&F | F.A","1.08","477.55","133844"
"496","Mishra Dhatu Nigam Ltd","MIDHANI","P&F | F.A","1.08","303.80","255613"
"497","Kitex Garments Limited","KITEX","P&F | F.A","1.08","196.90","497957"
"498","Kotak Gold ETF","GOLD1","P&F | F.A","1.08","111.60","905191"
"499","GTPL Hathway","GTPL","P&F | F.A","1.08","101.10","13928"
"500","Primo Chemicals Ltd","PRIMO","P&F | F.A","1.08","22.54","47669"
"501","AGI Greenpac Ltd","AGI","P&F | F.A","1.07","733.00","16547"
"502","Radico Khaitan Limited","RADICO","P&F | F.A","1.06","3258.30","76096"
"503","Ptc India Limited","PTC","P&F | F.A","1.06","157.55","284083"
"504","Baroda BNP Paribas Gold ETF","BBNPPGOLD","P&F | F.A","1.06","129.25","9865"
"505","Virinchi Ltd","VIRINCHI","P&F | F.A","1.06","22.83","11840"
"506","Narayana Hrudayalaya Ltd.","NH","P&F | F.A","1.05","1889.90","177928"
"507","Sri Adhikari Brothers Television Network Ltd","SABTNL","P&F | F.A","1.05","1680.00","62460"
"508","Prataap Snacks Ltd","DIAMONDYD","P&F | F.A","1.05","1100.00","44974"
"509","CSB Bank Ltd","CSBBANK","P&F | F.A","1.05","394.25","59860"
"510","Kronox Lab Sciences Ltd","KRONOX","P&F | F.A","1.05","143.43","23309"
"511","Precision Wires India Limited","PRECWIRE","P&F | F.A","1.04","238.35","179001"
"512","Sagar Cements Limited","SAGCEM","P&F | F.A","1.04","215.23","8662"
"513","Andhra Paper Ltd","ANDHRAPAP","P&F | F.A","1.04","68.00","67125"
"514","Sanghi Industries Limited","SANGHIIND","P&F | F.A","1.04","63.85","110496"
"515","Palred Technologies Limited","PALREDTEC","P&F | F.A","1.04","39.71","3345"
"516","Ivalue Infosolutions Ltd","IVALUE","P&F | F.A","1.03","288.00","55926"
"517","Wanbury Limited","WANBURY","P&F | F.A","1.03","239.75","14740"
"518","Sundaram Finance Limited","SUNDARMFIN","P&F | F.A","1.02","4832.00","23288"
"519","Nucleus Software Exports Limited","NUCLEUS","P&F | F.A","1.02","931.00","44613"
"520","Sharda Cropchem Limited","SHARDACROP","P&F | F.A","1.02","925.85","135887"
"521","Gujarat Narmada Valley Fertilizers And Chemicals Limited","GNFC","P&F | F.A","1.02","495.85","143271"
"522","Hariom Pipe Industries Ltd","HARIOMPIPE","P&F | F.A","1.02","360.30","56718"
"523","Universus Photo Imagings Ltd","UNIVPHOTO","P&F | F.A","1.02","242.70","1852"
"524","Shreeji Shipping Global Ltd","SHREEJISPG","P&F | F.A","1.01","335.40","233733"
"525","Nova Agritech Ltd","NOVAAGRI","P&F | F.A","1.01","39.99","57348"
"526","Tarsons Products Ltd","TARSONS","P&F | F.A","1.00","230.84","44208"
"527","Muthoot Microfin Ltd","MUTHOOTMF","P&F | F.A","1.00","176.83","76992"
"528","Western India Plywoods Ltd","WIPL","P&F | F.A","1.00","156.00","22707"
"529","Choice Gold ETF","CHOICEGOLD","P&F | F.A","1.00","132.45","33385"
"530","Lotus Eye Care Hospital Limited","LOTUSEYE","P&F | F.A","1.00","130.63","127150"
"531","Home First Finance Company India Ltd","HOMEFIRST","P&F | F.A","0.99","1186.20","71054"
"532","Vedanta Limited","VEDL","P&F | F.A","0.99","549.00","8049564"
"533","UTI - Gold Exchange Traded Fund","GOLDSHARE","P&F | F.A","0.99","112.25","456965"
"534","Priti International Ltd","PRITI","P&F | F.A","0.99","58.38","9261"
"535","Sigma Solve Ltd","SIGMA","P&F | F.A","0.99","52.25","26108"
"536","Ravi Kumar Distilleries Limited","RKDL","P&F | F.A","0.99","24.48","6681"
"537","Rushil Decor Limited","RUSHIL","P&F | F.A","0.99","23.52","147163"
"538","Kuantum Papers Ltd","KUANTUM","P&F | F.A","0.98","92.01","20172"
"539","Om Freight Forwarders Ltd","OMFREIGHT","P&F | F.A","0.98","89.78","17489"
"540","Southern Petrochemicals Industries Corporation  Limited","SPIC","P&F | F.A","0.98","81.41","201795"
"541","Tanla Solutions Limited","TANLA","P&F | F.A","0.97","560.40","75649"
"542","Ramky Infrastructure Limited","RAMKY","P&F | F.A","0.97","556.00","27510"
"543","D-link (india) Limited","DLINKINDIA","P&F | F.A","0.97","431.60","25908"
"544","ICICI Prudential Gold ETF","GOLDIETF","P&F | F.A","0.97","114.48","12481316"
"545","Affle India Ltd","AFFLE","P&F | F.A","0.96","1701.90","81726"
"546","DDev Plastiks Industries Ltd","DDEVPLSTIK","P&F | F.A","0.95","286.40","50253"
"547","Dollar Industries Ltd","DOLLAR","P&F | F.A","0.94","354.95","15818"
"548","Mawana Sugars Limited","MAWANASUG","P&F | F.A","0.94","84.77","10652"
"549","Ravinder Heights Ltd","RVHL","P&F | F.A","0.94","56.00","5444"
"550","Unichem Laboratories Limited","UNICHEMLAB","P&F | F.A","0.93","460.05","5223"
"551","Nazara Technologies Ltd","NAZARA","P&F | F.A","0.93","227.85","307786"
"552","360 ONE Gold ETF","GOLD360","P&F | F.A","0.93","130.65","436900"
"553","Tourism Finance Corporation Of India Limited","TFCILTD","P&F | F.A","0.93","67.07","1808385"
"554","Vineet Laboratories Ltd","VINEETLAB","P&F | F.A","0.93","43.34","16457"
"555","Jain Irrigation Systems Limited","JISLDVREQS","P&F | F.A","0.93","27.09","13525"
"556","Adani Green Energy Ltd","ADANIGREEN","P&F | F.A","0.92","1049.80","1684134"
"557","India Nippon Electricals Limited","INDNIPPON","P&F | F.A","0.92","805.00","8231"
"558","Surya Roshni Limited","SURYAROSNI","P&F | F.A","0.92","263.55","130006"
"559","BELRISE","BELRISE","P&F | F.A","0.92","161.37","2819240"
"560","Reliance Chemotex Industries Ltd","RELCHEMQ","P&F | F.A","0.92","138.95","1881"
"561","Manaksia Steels Limited","MANAKSTEEL","P&F | F.A","0.92","58.08","4335"
"562","Beardsell Limited","BEARDSELL","P&F | F.A","0.92","30.73","26969"
"563","Doms Industries Ltd","DOMS","P&F | F.A","0.91","2595.30","13262"
"564","Salzer Electronics Limited","SALZERELEC","P&F | F.A","0.91","704.10","22222"
"565","Arvind Fashions Ltd","ARVINDFASN","P&F | F.A","0.91","497.30","158743"
"566","Repro India Limited","REPRO","P&F | F.A","0.91","470.50","4101"
"567","MAS Financial Services Ltd","MASFIN","P&F | F.A","0.91","326.00","78931"
"568","Edelweiss Gold ETF","EGOLD","P&F | F.A","0.91","133.50","34186"
"569","Confidence Petroleum India Ltd","CONFIPET","P&F | F.A","0.91","34.35","233842"
"570","Bharti Hexacom Ltd","BHARTIHEXA","P&F | F.A","0.90","1698.60","39773"
"571","Sundram Fasteners Limited","SUNDRMFAST","P&F | F.A","0.90","944.55","12416"
"572","Chambal Fertilizers & Chemicals Limited","CHAMBLFERT","P&F | F.A","0.90","437.40","455409"
"573","Ncl Industries Limited","NCLIND","P&F | F.A","0.90","200.11","15322"
"574","Williamson Magor & Company Limited","WILLAMAGOR","P&F | F.A","0.90","30.40","1605"
"575","Summit Securities Limited","SUMMITSEC","P&F | F.A","0.89","1986.00","2151"
"576","Eimco Elecon (india) Limited","EIMCOELECO","P&F | F.A","0.89","1545.40","31883"
"577","Monarch Networth Capital Ltd","MONARCH","P&F | F.A","0.89","306.75","93014"
"578","Housing and Urban Development Corporation","HUDCO","P&F | F.A","0.89","215.60","1416909"
"579","Union Gold ETF","UNIONGOLD","P&F | F.A","0.89","130.35","9352"
"580","RattanIndia Enterprises Ltd","RTNINDIA","P&F | F.A","0.89","40.83","629284"
"581","Rategain Travel Technologies Ltd","RATEGAIN","P&F | F.A","0.88","667.55","86717"
"582","Bf Utilities Limited","BFUTILITIE","P&F | F.A","0.88","610.00","12205"
"583","Federal-mogul Goetze (india) Limited.","FMGOETZE","P&F | F.A","0.88","468.10","56018"
"584","Firstsource Solutions Limited","FSL","P&F | F.A","0.88","343.70","139726"
"585","Knr Constructions Limited","KNRCON","P&F | F.A","0.88","146.98","416875"
"586","HDFC Gold ETF","HDFCGOLD","P&F | F.A","0.88","114.09","3866966"
"587","Nippon India ETF Gold Bees","GOLDBEES","P&F | F.A","0.88","110.57","33901126"
"588","Shree Digvijay Cement Co. Ltd","SHREDIGCEM","P&F | F.A","0.88","90.20","120937"
"589","Deccan Cements Limited","DECCANCE","P&F | F.A","0.87","763.00","8006"
"590","RPSG Ventures Ltd","RPSGVENT","P&F | F.A","0.87","755.35","13656"
"591","Birlasoft Ltd","BSOFT","P&F | F.A","0.87","433.45","578036"
"592","Tips Films Ltd","TIPSFILMS","P&F | F.A","0.87","410.90","2960"
"593","Filatex India Limited","FILATEX","P&F | F.A","0.87","53.43","426712"
"594","TATA Consumer Products Ltd","TATACONSUM","P&F | F.A","0.86","1159.20","619112"
"595","Can Fin Homes Limited","CANFINHOME","P&F | F.A","0.86","923.25","106971"
"596","Quadrant Future Tek Ltd","QUADFUTURE","P&F | F.A","0.86","270.00","153953"
"597","Touchwood Entertainment Ltd","TOUCHWOOD","P&F | F.A","0.86","104.87","1077"
"598","Murudeshwar Ceramics Limited","MURUDCERA","P&F | F.A","0.86","34.99","24711"
"599","Zerodha Gold ETF","GOLDCASE","P&F | F.A","0.86","21.01","7416344"
"600","S J S Enterprises Ltd","SJS","P&F | F.A","0.85","1681.50","32063"
"601","Inventurus Knowledge Solutions Ltd","IKS","P&F | F.A","0.85","1660.00","67566"
"602","Precot Meridian Limited","PRECOT","P&F | F.A","0.85","443.95","347"
"603","Harrisons  Malayalam Limited","HARRMALAYA","P&F | F.A","0.85","163.03","3519"
"604","SBI Gold ETS","SETFGOLD","P&F | F.A","0.85","113.92","3498991"
"605","Glottis Ltd","GLOTTIS","P&F | F.A","0.85","60.80","144243"
"606","Motherson Sumi Wiring India Ltd","MSUMI","P&F | F.A","0.85","46.30","1591285"
"607","Rane Holdings Limited","RANEHOLDIN","P&F | F.A","0.84","1372.20","2164"
"608","The Great Eastern Shipping Company Limited","GESHIP","P&F | F.A","0.84","1118.70","94381"
"609","Laxmi Organic Industries Ltd","LXCHEM","P&F | F.A","0.84","172.29","126282"
"610","Som Distilleries & Breweries Limited","SDBL","P&F | F.A","0.84","108.60","283368"
"611","Fiem Industries Limited","FIEMIND","P&F | F.A","0.83","2316.60","46032"
"612","Cigniti Technologies Limited","CIGNITITEC","P&F | F.A","0.83","1818.20","26611"
"613","Genesys International Corporation Limited","GENESYS","P&F | F.A","0.83","417.50","171007"
"614","The Orissa Minerals Development Company Limited","ORISSAMINE","P&F | F.A","0.82","4775.00","2829"
"615","The Ramco Cements Limited","RAMCOCEM","P&F | F.A","0.82","1063.70","209613"
"616","Emami Limited","EMAMILTD","P&F | F.A","0.82","543.95","202841"
"617","Chembond Material Technologies Ltd","CHEMBOND","P&F | F.A","0.82","165.74","3250"
"618","Asian Hotels (east) Limited","AHLEAST","P&F | F.A","0.82","134.99","8734"
"619","Naga Dhunseri Group Limited","NDGL","P&F | F.A","0.81","2950.00","84"
"620","Coforge (Niit Tech)","COFORGE","P&F | F.A","0.81","1865.90","523753"
"621","Godrej Consumer Products Limited","GODREJCP","P&F | F.A","0.81","1163.10","275478"
"622","Jsw Energy Limited","JSWENERGY","P&F | F.A","0.81","486.10","2758768"
"623","Skm Egg Products Export (india) Limited","SKMEGGPROD","P&F | F.A","0.81","441.15","60988"
"624","The India Cements Limited","INDIACEM","P&F | F.A","0.81","417.50","266096"
"625","R Systems International Limited","RSYSTEMS","P&F | F.A","0.81","406.20","16389"
"626","Axis Gold ETF","AXISGOLD","P&F | F.A","0.81","111.68","1076187"
"627","Fischer Medical Ventures Ltd","FISCHER","P&F | F.A","0.81","46.07","362499"
"628","NIFTYFMCG","NIFTYFMCG","P&F | F.A","0.80","54924.40","0"
"629","Zota Health Care Ltd","ZOTA","P&F | F.A","0.80","1683.60","60840"
"630","C.E. Info Systems Ltd","MAPMYINDIA","P&F | F.A","0.79","1658.30","45568"
"631","Kalyani Steels Limited","KSL","P&F | F.A","0.79","730.95","19136"
"632","Arihant Superstructures Ltd","ARIHANTSUP","P&F | F.A","0.79","317.85","13392"
"633","Network18 Media & Investments Limited","NETWORK18","P&F | F.A","0.79","43.21","1100687"
"634","Haleos Labs Limited","HALEOSLABS","P&F | F.A","0.78","1397.60","3128"
"635","Avanti Feeds Limited","AVANTIFEED","P&F | F.A","0.78","813.40","202793"
"636","Sterling Tools Limited","STERTOOLS","P&F | F.A","0.78","272.25","15279"
"637","Affordable Robotic & Automation Ltd","AFFORDABLE","P&F | F.A","0.78","212.00","11219"
"638","Shalby Ltd","SHALBY","P&F | F.A","0.78","195.01","69484"
"639","National Fertilizers Limited","NFL","P&F | F.A","0.78","86.46","474302"
"640","VMS TMT Ltd","VMSTMT","P&F | F.A","0.78","54.10","88803"
"641","Inox India Ltd","INOXINDIA","P&F | F.A","0.77","1149.80","25001"
"642","Dic India Limited","DICIND","P&F | F.A","0.77","492.30","1706"
"643","Dcm  Limited","DCM","P&F | F.A","0.77","92.98","31828"
"644","LMW Ltd","LMW","P&F | F.A","0.76","15497.00","1103"
"645","Astral Poly Technik Limited","ASTRAL","P&F | F.A","0.76","1427.10","112692"
"646","Newgen Software Technologies Ltd","NEWGEN","P&F | F.A","0.76","863.65","98119"
"647","Khaitan Chemicals & Fertilizers Ltd","KHAICHEM","P&F | F.A","0.76","83.25","51997"
"648","Surana Solar Limited","SURANASOL","P&F | F.A","0.76","27.71","33856"
"649","M & B Engineering Ltd","MBEL","P&F | F.A","0.75","380.85","55017"
"650","Loyal Textile Mills Ltd","LOYALTEX","P&F | F.A","0.75","215.00","184"
"651","Jai Corp Limited","JAICORPLTD","P&F | F.A","0.75","131.12","212529"
"652","Take Solutions Limited","TAKE","P&F | F.A","0.75","34.86","1322033"
"653","Hcl Technologies Limited","HCLTECH","P&F | F.A","0.74","1685.50","905835"
"654","Infosys Limited","INFY","P&F | F.A","0.74","1610.00","2771307"
"655","Nava Ltd","NAVA","P&F | F.A","0.74","568.60","151792"
"656","Deepak Builders & Engineers India Ltd","DBEIL","P&F | F.A","0.74","120.08","17242"
"657","Polycab India Ltd","POLYCAB","P&F | F.A","0.73","7329.50","76672"
"658","Hindustan Aeronautics Ltd","HAL","P&F | F.A","0.73","4334.00","535645"
"659","Mangalore Refinery And Petrochemicals Limited","MRPL","P&F | F.A","0.73","150.03","2546408"
"660","Kopran Limited","KOPRAN","P&F | F.A","0.73","131.80","74979"
"661","Blue Star Limited","BLUESTARCO","P&F | F.A","0.72","1809.70","108796"
"662","Kirloskar Pneumatic Company Ltd","KIRLPNU","P&F | F.A","0.72","1049.90","13362"
"663","Yuken India Ltd","YUKEN","P&F | F.A","0.72","855.95","1060"
"664","Anant Raj Limited","ANANTRAJ","P&F | F.A","0.72","554.40","3062817"
"665","Heg Limited","HEG","P&F | F.A","0.72","538.35","645444"
"666","Uflex Limited","UFLEX","P&F | F.A","0.72","474.85","8151"
"667","Itc Limited","ITC","P&F | F.A","0.72","403.00","5745646"
"668","HB Stockholdings Ltd","HBSL","P&F | F.A","0.72","75.13","2019"
"669","Bodal Chemicals Limited","BODALCHEM","P&F | F.A","0.72","52.81","79981"
"670","Ifb Industries Limited","IFBIND","P&F | F.A","0.71","1621.10","10588"
"671","Ideaforge Technology Ltd","IDEAFORGE","P&F | F.A","0.71","428.40","63444"
"672","Aditya Birla Lifestyle Brands Ltd","ABLBL","P&F | F.A","0.71","128.56","718118"
"673","Electronics Mart India Ltd","EMIL","P&F | F.A","0.71","110.70","284354"
"674","Macrotech Developers Ltd","LODHA","P&F | F.A","0.70","1098.70","2109857"
"675","Premier Explosives Limited","PREMEXPLN","P&F | F.A","0.70","505.80","86808"
"676","TMCV","TMCV","P&F | F.A","0.70","376.05","4972368"
"677","Intense Technologies Ltd","INTENTECH","P&F | F.A","0.70","118.00","45405"
"678","Just Dial Limited","JUSTDIAL","P&F | F.A","0.69","716.15","28968"
"679","Kiri Industries Limited","KIRIINDUS","P&F | F.A","0.69","565.45","298176"
"680","Pyramid Technoplast Ltd","PYRAMID","P&F | F.A","0.69","168.16","22335"
"681","Commercial Syn Bags Ltd","COMSYN","P&F | F.A","0.69","140.95","1704"
"682","One Point One Solutions Ltd","ONEPOINT","P&F | F.A","0.69","52.40","452577"
"683","Hindustan Zinc Limited","HINDZINC","P&F | F.A","0.68","565.45","19061997"
"684","Bsl Limited","BSL","P&F | F.A","0.68","163.41","10913"
"685","Gujarat Ambuja Exports Limited","GAEL","P&F | F.A","0.68","118.32","249827"
"686","Servotech Power Systems Ltd","SERVOTECH","P&F | F.A","0.68","83.31","320958"
"687","Bank Of Maharashtra","MAHABANK","P&F | F.A","0.68","57.42","5607760"
"688","Oswal Green Tech Ltd","OSWALGREEN","P&F | F.A","0.68","33.87","85965"
"689","Tata Elxsi Limited","TATAELXSI","P&F | F.A","0.67","5064.00","89021"
"690","H.G. Infra Engineering Ltd","HGINFRA","P&F | F.A","0.67","761.70","45071"
"691","Eureka Forbes Ltd","EUREKAFORB","P&F | F.A","0.67","651.00","125773"
"692","Vishnu Chemicals Limited","VISHNU","P&F | F.A","0.67","500.00","45425"
"693","D B Realty Limited","DBREALTY","P&F | F.A","0.67","120.29","611671"
"694","Kokuyo Camlin Limited","KOKUYOCMLN","P&F | F.A","0.67","90.66","10802"
"695","Manorama Industries Ltd","MANORAMA","P&F | F.A","0.66","1365.30","41991"
"696","DCM Shriram Industries Ltd","DCMSRIND","P&F | F.A","0.66","165.28","114039"
"697","Madras Fertilizers Limited","MADRASFERT","P&F | F.A","0.66","73.33","43301"
"698","Manaksia Aluminium Company Limited","MANAKALUCO","P&F | F.A","0.66","24.45","4309"
"699","Indusind Bank Limited","INDUSINDBK","P&F | F.A","0.65","851.65","1654183"
"700","Quality Power Electrical Equipments Ltd","QPOWER","P&F | F.A","0.65","706.15","88193"
"701","IRM Energy Ltd","IRMENERGY","P&F | F.A","0.65","285.50","15711"
"702","GLOBECIVIL","GLOBECIVIL","P&F | F.A","0.65","61.73","34700"
"703","Mbl Infrastructures Limited","MBLINFRA","P&F | F.A","0.65","34.00","32448"
"704","HMA Agro Industries Ltd","HMAAGRO","P&F | F.A","0.65","29.21","66631"
"705","Jbm Auto Limited","JBMA","P&F | F.A","0.64","574.50","76277"
"706","Go Fashion (India) Ltd","GOCOLORS","P&F | F.A","0.64","474.80","45308"
"707","Dilip Buildcon Limited","DBL","P&F | F.A","0.64","448.20","77133"
"708","Robust Hotels Pvt Ltd","RHL","P&F | F.A","0.64","201.39","11382"
"709","Saksoft Limited","SAKSOFT","P&F | F.A","0.64","191.50","75559"
"710","Cesc Limited","CESC","P&F | F.A","0.64","171.15","409847"
"711","Hindustan Oil Exploration Company Limited","HINDOILEXP","P&F | F.A","0.64","153.28","165613"
"712","Ahlada Engineers Ltd","AHLADA","P&F | F.A","0.64","50.67","6843"
"713","Elgi Equipments Limited","ELGIEQUIP","P&F | F.A","0.63","490.95","189413"
"714","Archidply Decor Ltd","ADL","P&F | F.A","0.63","79.60","235"
"715","DigiSpice Technologies Ltd","DIGISPICE","P&F | F.A","0.63","24.11","31587"
"716","Ambika Cotton Mills Limited","AMBIKCO","P&F | F.A","0.62","1282.50","3722"
"717","Apollo Sindoori Hotels Limited","APOLSINHOT","P&F | F.A","0.62","1200.00","188"
"718","City Union Bank Limited","CUB","P&F | F.A","0.62","275.05","927775"
"719","Rites Ltd","RITES","P&F | F.A","0.62","228.66","207313"
"720","SEL Manufacturing Company Ltd","SELMC","P&F | F.A","0.62","31.00","5059"
"721","Pavna Industries Ltd","PAVNAIND","P&F | F.A","0.62","27.69","35574"
"722","Tasty Bite Eatables Ltd","TASTYBITE","P&F | F.A","0.61","8150.00","390"
"723","Escorts Limited","ESCORTS","P&F | F.A","0.61","3681.90","18666"
"724","Xpro India Limited","XPROINDIA","P&F | F.A","0.61","971.00","4903"
"725","Ganges Securities Ltd","GANGESSECU","P&F | F.A","0.61","142.99","401"
"726","AAA Technologies Ltd","AAATECH","P&F | F.A","0.61","98.80","16307"
"727","Ptl Enterprises Limited","PTL","P&F | F.A","0.61","39.32","27027"
"728","Agro Phos India Ltd","AGROPHOS","P&F | F.A","0.61","38.12","8533"
"729","SBC Exports Ltd","SBC","P&F | F.A","0.61","28.13","5576098"
"730","Chamanlal Setia Exports Ltd","CLSEL","P&F | F.A","0.60","258.20","10213"
"731","Shiva Texyarn Ltd","SHIVATEX","P&F | F.A","0.60","176.76","565"
"732","Gujarat State Fertilizers & Chemicals Limited","GSFC","P&F | F.A","0.60","173.22","384103"
"733","Punjab National Bank","PNB","P&F | F.A","0.60","118.52","13120797"
"734","Excelsoft Technologies Ltd","EXCELSOFT","P&F | F.A","0.60","99.05","6736352"
"735","New Delhi Television Limited","NDTV","P&F | F.A","0.60","82.64","46912"
"736","Vinati Organics Limited","VINATIORGA","P&F | F.A","0.59","1602.00","11740"
"737","SBI ETF IT","SBIETFIT","P&F | F.A","0.59","421.60","4224"
"738","Anand Rathi Wealth Ltd","ANANDRATHI","P&F | F.A","0.58","2956.10","164757"
"739","Dcm Shriram Limited","DCMSHRIRAM","P&F | F.A","0.57","1251.90","78065"
"740","Arrow Greentech Limited","ARROWGREEN","P&F | F.A","0.57","523.70","3138"
"741","Chemcon Speciality Chemicals Ltd","CHEMCON","P&F | F.A","0.57","202.73","31287"
"742","Ausom Enterprise Limited","AUSOMENT","P&F | F.A","0.57","109.71","1617"
"743","NIFTYCONSURDURBL","NIFTYCONSURDURBL","P&F | F.A","0.56","37034.95","0"
"744","Thermax Limited","THERMAX","P&F | F.A","0.56","2886.50","68821"
"745","Vindhya Telelinks Limited","VINDHYATEL","P&F | F.A","0.56","1425.00","2901"
"746","Star Health & Allied Insurance Company Ltd","STARHEALTH","P&F | F.A","0.56","467.20","399842"
"747","Quess Corp Limited","QUESS","P&F | F.A","0.56","210.69","177892"
"748","Xchanging Solutions Limited","XCHANGING","P&F | F.A","0.56","82.62","20689"
"749","Cambridge Technology Enterprises Limited","CTE","P&F | F.A","0.56","43.17","13317"
"750","Asian Paints Limited","ASIANPAINT","P&F | F.A","0.55","2779.90","734542"
"751","Kaveri Seed Company Limited","KSCL","P&F | F.A","0.55","973.20","29538"
"752","Ramkrishna Forgings Limited","RKFORGE","P&F | F.A","0.55","519.00","106755"
"753","International Gemmological Institute (India) Ltd","IGIL","P&F | F.A","0.55","322.05","265101"
"754","Cords Cable Industries Limited","CORDSCABLE","P&F | F.A","0.55","186.71","16279"
"755","Bajel Projects Ltd","BAJEL","P&F | F.A","0.55","167.53","75672"
"756","Spencers Retail Ltd","SPENCERS","P&F | F.A","0.55","42.00","13567"
"757","Mirae Asset Nifty IT ETF","ITETF","P&F | F.A","0.55","40.25","100658"
"758","Fiberweb (India) Ltd","FIBERWEB","P&F | F.A","0.55","36.50","13384"
"759","Amara Raja Energy & Mobility Ltd","ARE&M","P&F | F.A","0.54","935.60","148802"
"760","Kaushalya Infrastructure Development Corporation Limited","KAUSHALYA","P&F | F.A","0.54","910.00","150"
"761","Ventive Hospitality Ltd","VENTIVE","P&F | F.A","0.54","713.05","10944"
"762","Tips Music Ltd","TIPSMUSIC","P&F | F.A","0.54","548.55","131705"
"763","Crest Ventures Limited","CREST","P&F | F.A","0.54","361.75","8556"
"764","Indian Card Clothing Company Limited","INDIANCARD","P&F | F.A","0.54","244.00","56"
"765","Samhi Hotels Ltd","SAMHI","P&F | F.A","0.54","179.62","351241"
"766","Dhunseri Tea & Industries Limited","DTIL","P&F | F.A","0.54","162.80","1852"
"767","Muthoot Finance Limited","MUTHOOTFIN","P&F | F.A","0.53","3858.00","201035"
"768","Ganesh Housing Ltd","GANESHHOU","P&F | F.A","0.53","818.00","19617"
"769","STUDDS","STUDDS","P&F | F.A","0.53","547.50","48276"
"770","Dabur India Limited","DABUR","P&F | F.A","0.53","497.60","623211"
"771","Mangalam Worldwide Ltd","MWL","P&F | F.A","0.53","271.19","142235"
"772","Tata Steel Limited","TATASTEEL","P&F | F.A","0.53","172.80","15755823"
"773","Mirae Asset Nifty PSU Bank ETF","BANKPSU","P&F | F.A","0.53","83.20","57004"
"774","ICDS Ltd","ICDSLTD","P&F | F.A","0.53","47.17","1198"
"775","NIFTYSML250MQ100","NIFTYSML250MQ100","P&F | F.A","0.52","43971.70","0"
"776","Mps Limited","MPSLTD","P&F | F.A","0.52","2008.20","7281"
"777","Avadh Sugar & Energy","AVADHSUGAR","P&F | F.A","0.52","384.50","56376"
"778","Bank Of India","BANKINDIA","P&F | F.A","0.52","141.85","2058509"
"779","Nesco Limited","NESCO","P&F | F.A","0.51","1250.00","26484"
"780","Sai Life Sciences Ltd","SAILIFE","P&F | F.A","0.51","904.00","84520"
"781","Jash Engineering Ltd","JASH","P&F | F.A","0.51","447.50","24132"
"782","SG Mart Ltd","SGMART","P&F | F.A","0.51","335.85","85649"
"783","Pennar Industries Limited","PENIND","P&F | F.A","0.51","201.91","415906"
"784","Ncc Limited","NCC","P&F | F.A","0.51","161.48","1609612"
"785","Lambodhara Textiles Limited","LAMBODHARA","P&F | F.A","0.51","124.97","4629"
"786","Akash Infraprojects Ltd","AKASH","P&F | F.A","0.51","25.79","12346"
"787","Globus Spirits Limited","GLOBUSSPR","P&F | F.A","0.50","967.80","17789"
"788","Jindal Poly Films Limited","JINDALPOLY","P&F | F.A","0.50","497.00","7584"
"789","HDFC Nifty PSU Bank ETF","HDFCPSUBK","P&F | F.A","0.50","83.63","10730"
"790","UTI Nifty Next 50 ETF","UTINEXT50","P&F | F.A","0.50","73.71","54192"
"791","Voltas Limited","VOLTAS","P&F | F.A","0.49","1383.90","129957"
"792","Adani Energy Solutions Ltd","ADANIENSOL","P&F | F.A","0.49","1016.30","558753"
"793","Rashi Peripherals Ltd","RPTECH","P&F | F.A","0.49","346.45","71220"
"794","Denta Water & Infra Solutions Ltd","DENTA","P&F | F.A","0.49","320.95","138453"
"795","Laxmi Goldorna House Ltd","LGHL","P&F | F.A","0.49","267.75","101193"
"796","Shree Cements Limited","SHREECEM","P&F | F.A","0.48","26410.00","28387"
"797","NIFTYGS15YRPLUS","NIFTYGS15YRPLUS","P&F | F.A","0.48","3454.94","0"
"798","Mangalam Cement Limited","MANGLMCEM","P&F | F.A","0.48","759.40","38441"
"799","Solara Active Pharma Sciences Ltd","SOLARA","P&F | F.A","0.48","593.35","54297"
"800","Gopal Snacks Ltd","GOPAL","P&F | F.A","0.48","315.30","93252"
"801","Hmt Limited","HMT","P&F | F.A","0.48","48.60","4793"
"802","3m India Limited","3MINDIA","P&F | F.A","0.47","35630.00","1326"
"803","CG Power and Industrial Solutions Ltd","CGPOWER","P&F | F.A","0.47","669.00","595614"
"804","Sanghvi Movers Limited","SANGHVIMOV","P&F | F.A","0.47","307.60","70172"
"805","Alembic Limited","ALEMBICLTD","P&F | F.A","0.47","102.58","306381"
"806","Tracxn Technologies Ltd","TRACXN","P&F | F.A","0.47","40.84","56245"
"807","HDFC Nifty IT ETF","HDFCNIFIT","P&F | F.A","0.47","40.60","13477"
"808","Tantia Constructions Ltd","TICL","P&F | F.A","0.47","25.40","59315"
"809","Kotak Nifty200 Quality 30 ETF","QUALITY30","P&F | F.A","0.47","21.47","689"
"810","Pfizer Limited","PFIZER","P&F | F.A","0.46","5023.00","4719"
"811","The Phoenix Mills Limited","PHOENIXLTD","P&F | F.A","0.46","1779.00","480081"
"812","Techno Electric & Engineering Company Ltd","TECHNOE","P&F | F.A","0.46","1109.10","48340"
"813","Eih Associated Hotels Limited","EIHAHOTELS","P&F | F.A","0.46","359.90","7267"
"814","Mahindra EPC Irrigation Ltd","MAHEPC","P&F | F.A","0.46","126.90","7840"
"815","Rico Auto Industries Limited","RICOAUTO","P&F | F.A","0.46","119.09","6599642"
"816","Mohit Industries Limited","MOHITIND","P&F | F.A","0.46","28.56","695"
"817","State Bank Of India","SBIN","P&F | F.A","0.45","967.50","2914781"
"818","National Aluminium Company Limited","NATIONALUM","P&F | F.A","0.45","279.40","5964584"
"819","Energy Development Company Limited","ENERGYDEV","P&F | F.A","0.45","20.30","18210"
"820","NIFTYPSUBANK","NIFTYPSUBANK","P&F | F.A","0.44","8284.10","0"
"821","Clean Science & Technology Ltd","CLEAN","P&F | F.A","0.44","911.25","97290"
"822","Ashapura Minechem Limited","ASHAPURMIN","P&F | F.A","0.44","748.70","483361"
"823","Nippon India ETF Hang Seng Bees","HNGSNGBEES","P&F | F.A","0.44","512.76","62342"
"824","Bella Casa Fashion & Retail Ltd","BELLACASA","P&F | F.A","0.44","389.60","2633"
"825","Jk Paper Limited","JKPAPER","P&F | F.A","0.44","366.25","80504"
"826","Dhampur Sugar Mills Limited","DHAMPURSUG","P&F | F.A","0.44","131.58","84520"
"827","SBI BSE PSU Bank ETF","SBIBPB","P&F | F.A","0.44","48.10","46460"
"828","Data Patterns (India) Ltd","DATAPATTNS","P&F | F.A","0.43","2605.30","106415"
"829","Pix Transmission Ltd","PIXTRANS","P&F | F.A","0.43","1459.30","6554"
"830","Gufic Biosciences Limited","GUFICBIO","P&F | F.A","0.43","349.70","22989"
"831","Shriram Properties Ltd","SHRIRAMPPS","P&F | F.A","0.43","84.70","143802"
"832","Sinclairs Hotels Ltd","SINCLAIR","P&F | F.A","0.43","83.63","21266"
"833","DSP Nifty PSU Bank ETF","PSUBANKADD","P&F | F.A","0.43","83.27","399346"
"834","Radhika Jeweltech Ltd","RADHIKAJWE","P&F | F.A","0.43","74.20","86715"
"835","Lux Industries Limited","LUXIND","P&F | F.A","0.42","1123.90","11291"
"836","Gloster Ltd","GLOSTERLTD","P&F | F.A","0.42","639.50","1152"
"837","Kapston Services Ltd","KAPSTON","P&F | F.A","0.42","299.40","3473"
"838","Bank Of Baroda","BANKBARODA","P&F | F.A","0.42","285.65","4327522"
"839","Kabra Extrusion Technik Limited","KABRAEXTRU","P&F | F.A","0.42","221.51","14392"
"840","Marine Electricals (India) Ltd","MARINE","P&F | F.A","0.42","203.74","92864"
"841","Bandhan Bank Ltd","BANDHANBNK","P&F | F.A","0.42","150.20","4985635"
"842","Inox Wind Limited","INOXWIND","P&F | F.A","0.42","125.13","4033517"
"843","Mirae Asset S&P 500 Top 50 ETF","MASPTOP50","P&F | F.A","0.42","72.46","225882"
"844","Jain Irrigation Systems Limited","JISLJALEQS","P&F | F.A","0.42","41.12","1192783"
"845","Raj Television Network Limited","RAJTV","P&F | F.A","0.42","40.79","1798"
"846","Motilal Oswal Nifty Services Sector ETF","MOSERVICE","P&F | F.A","0.42","33.86","89"
"847","Sagardeep Alloys Ltd","SAGARDEEP","P&F | F.A","0.42","26.01","4832"
"848","Sindhu Trade Links Ltd","SINDHUTRAD","P&F | F.A","0.42","21.57","135618"
"849","Honeywell Automation India Limited","HONAUT","P&F | F.A","0.41","34035.00","1421"
"850","NIFTYMICROCAP250","NIFTYMICROCAP250","P&F | F.A","0.41","22459.70","0"
"851","Kalpataru Projects International Ltd","KPIL","P&F | F.A","0.41","1177.50","51566"
"852","Kotak Nifty PSU Bank ETF","PSUBANK","P&F | F.A","0.41","826.00","10799"
"853","Nippon India ETF Shariah BeES","SHARIABEES","P&F | F.A","0.41","513.94","8662"
"854","Team India Guaranty Ltd","TEAMGTY","P&F | F.A","0.41","281.05","954"
"855","Popular Vehicles & Services Ltd","PVSL","P&F | F.A","0.41","124.40","17187"
"856","Welspun Corp Limited","WELCORP","P&F | F.A","0.40","796.45","474203"
"857","Pricol Ltd.","PRICOLLTD","P&F | F.A","0.40","608.85","76442"
"858","Pg Electroplast Limited","PGEL","P&F | F.A","0.40","569.35","1376302"
"859","Sarda Energy & Minerals Limited","SARDAEN","P&F | F.A","0.40","513.45","496111"
"860","Elecon Engineering Company Limited","ELECON","P&F | F.A","0.40","484.80","137520"
"861","Goa Carbon Limited","GOACARBON","P&F | F.A","0.40","391.85","3137"
"862","Tribhovandas Bhimji Zaveri Limited","TBZ","P&F | F.A","0.40","165.00","84184"
"863","Surana Telecom And Power Limited","SURANAT&P","P&F | F.A","0.40","20.10","24456"
"864","NIFTYDIVOPPS50","NIFTYDIVOPPS50","P&F | F.A","0.39","6270.40","0"
"865","Authum Investment & Infrastructure Ltd","AIIL","P&F | F.A","0.39","2621.10","35688"
"866","Control Print Limited","CONTROLPR","P&F | F.A","0.39","728.70","4613"
"867","Mahindra & Mahindra Financial Services Limited","M&MFIN","P&F | F.A","0.39","347.45","977393"
"868","ACME Solar Holdings Ltd","ACMESOLAR","P&F | F.A","0.39","229.21","513296"
"869","Updater Services Ltd","UDS","P&F | F.A","0.39","173.68","82233"
"870","R K Swamy Ltd","RKSWAMY","P&F | F.A","0.39","114.26","45054"
"871","Tpl Plastech Limited","TPLPLASTEH","P&F | F.A","0.39","66.93","37586"
"872","Nelco Limited","NELCO","P&F | F.A","0.38","760.00","26196"
"873","Nippon India ETF PSU Bank Bees","PSUBNKBEES","P&F | F.A","0.38","92.22","1437780"
"874","Mitcon Consultancy & Engineering Services Ltd","MITCON","P&F | F.A","0.38","68.95","733"
"875","CNXMNC","CNXMNC","P&F | F.A","0.37","30274.70","0"
"876","Multi Commodity Exchange Of India Limited","MCX","P&F | F.A","0.37","10200.00","211116"
"877","Colgate Palmolive (india) Limited","COLPAL","P&F | F.A","0.37","2169.20","332080"
"878","Zaggle Prepaid Ocean Services Ltd","ZAGGLE","P&F | F.A","0.37","349.50","165165"
"879","Vrl Logistics Limited","VRLLOG","P&F | F.A","0.37","270.25","45753"
"880","Fino Payments Bank Ltd","FINOPB","P&F | F.A","0.37","269.20","153010"
"881","Pudumjee Paper Products Limited","PDMJEPAPER","P&F | F.A","0.37","98.86","21892"
"882","Tara Chand Infralogistic Solutions Ltd","TARACHAND","P&F | F.A","0.37","76.50","64614"
"883","Shankar Lal Rampal Dye-Chem Ltd","SRD","P&F | F.A","0.37","60.25","16452"
"884","Bang Overseas Limited","BANG","P&F | F.A","0.37","48.95","8233"
"885","Gp Petroleums Limited","GULFPETRO","P&F | F.A","0.37","35.32","16168"
"886","Kohinoor Foods Limited","KOHINOOR","P&F | F.A","0.37","27.23","56252"
"887","Nagreeka Exports Limited","NAGREEKEXP","P&F | F.A","0.37","27.00","3119"
"888","Acc Limited","ACC","P&F | F.A","0.36","1778.00","92095"
"889","Entero Healthcare Solutions Ltd","ENTERO","P&F | F.A","0.36","1000.00","33905"
"890","Smartworks Coworking Spaces Ltd","SMARTWORKS","P&F | F.A","0.36","474.05","16273"
"891","Capital Small Finance Bank Ltd","CAPITALSFB","P&F | F.A","0.36","263.65","13772"
"892","JTEKT India Ltd","JTEKTINDIA","P&F | F.A","0.36","143.91","27225"
"893","GMR Airports Ltd","GMRAIRPORT","P&F | F.A","0.36","104.72","37718841"
"894","Motilal Oswal Nifty 200 Momentum 30 ETF","MOMOMENTUM","P&F | F.A","0.36","63.76","46137"
"895","Motilal Oswal BSE India Infrastructure ETF","MOINFRA","P&F | F.A","0.36","58.64","1202"
"896","Nifty IT","CNXIT","P&F | F.A","0.35","38408.05","0"
"897","D.P. Abhushan Ltd","DPABHUSHAN","P&F | F.A","0.35","1439.80","4139"
"898","Gna Axles Limited","GNA","P&F | F.A","0.35","304.90","8942"
"899","S H Kelkar And Company Limited","SHK","P&F | F.A","0.35","167.47","86134"
"900","Lloyds Enterprises Ltd","LLOYDSENT","P&F | F.A","0.35","58.14","1007744"
"901","Eris Lifesciences","ERIS","P&F | F.A","0.34","1577.60","32210"
"902","Bharat Bond ETF - April 2032","BBETF0432","P&F | F.A","0.34","1309.94","322"
"903","G R Infraprojects Ltd","GRINFRA","P&F | F.A","0.34","1029.60","10864"
"904","India Tourism Development Corporation Ltd","ITDC","P&F | F.A","0.34","553.05","4912"
"905","20 Microns Limited","20MICRONS","P&F | F.A","0.34","191.14","37747"
"906","HDFC Nifty Small Cap 250 ETF","HDFCSML250","P&F | F.A","0.34","165.84","660116"
"907","Race Eco Chain Ltd","RACE","P&F | F.A","0.34","149.00","1452"
"908","UTI S&P BSE Sensex Next 50 ETF","UTISXN50","P&F | F.A","0.34","93.28","4741"
"909","Mirae Asset Nifty Smallcap 250 Momen.Quali. 100ETF","SMALLCAP","P&F | F.A","0.34","43.98","763757"
"910","NIFTYSMALLCAP250","NIFTYSMALLCAP250","P&F | F.A","0.33","16450.90","0"
"911","Havells India Limited","HAVELLS","P&F | F.A","0.33","1414.20","492107"
"912","Krishna Institute of Medical Sciences Ltd","KIMS","P&F | F.A","0.33","664.75","218911"
"913","Ghcl Limited","GHCL","P&F | F.A","0.33","578.10","19087"
"914","Tci Express Limited","TCIEXP","P&F | F.A","0.33","566.50","3080"
"915","The United Nilgiri Tea Estates Company Limited","UNITEDTEA","P&F | F.A","0.33","444.95","3259"
"916","Fusion Micro Finance Ltd","FUSION","P&F | F.A","0.33","159.14","102467"
"917","Smartlink Network Systems Limited","SMARTLINK","P&F | F.A","0.33","132.99","526"
"918","DSP MSCI India ETF","MSCIADD","P&F | F.A","0.33","30.58","23178"
"919","Jindal Worldwide Limited","JINDWORLD","P&F | F.A","0.33","30.27","178525"
"920","Chemfab Alkalis Ltd","CHEMFAB","P&F | F.A","0.32","463.70","11795"
"921","Hinduja Global Solutions Limited","HGS","P&F | F.A","0.32","449.20","8022"
"922","SBI - ETF Quality","SBIETFQLTY","P&F | F.A","0.32","230.18","1255"
"923","Motilal Oswal S&P BSE Quality ETF Fund","MOQUALITY","P&F | F.A","0.32","198.38","863"
"924","MIC Electronics Ltd","MICEL","P&F | F.A","0.32","44.14","226996"
"925","3P Land Holdings Ltd","3PLAND","P&F | F.A","0.32","37.80","6729"
"926","NIFTY200QUALITY30","NIFTY200QUALITY30","P&F | F.A","0.31","21288.25","0"
"927","Pidilite Industries Limited","PIDILITIND","P&F | F.A","0.31","1481.40","259792"
"928","LIC Nomura MF ETF - SENSEX","LICNETFSEN","P&F | F.A","0.31","956.00","160"
"929","DC Infotech & Communication Ltd","DCI","P&F | F.A","0.31","242.95","1688"
"930","Sreeleathers Limited","SREEL","P&F | F.A","0.31","219.35","5396"
"931","Birla Cable Limited","BIRLACABLE","P&F | F.A","0.31","134.10","12111"
"932","ICICI Prudential Nifty PSU Bank ETF","PSUBNKIETF","P&F | F.A","0.31","83.53","58305"
"933","Nippon India ETF Nifty IT","ITBEES","P&F | F.A","0.31","42.18","3611029"
"934","Medplus Health Services Ltd","MEDPLUS","P&F | F.A","0.30","807.00","45392"
"935","Black Box Ltd","BBOX","P&F | F.A","0.30","518.10","78556"
"936","Dev Information Technology Ltd","DEVIT","P&F | F.A","0.30","37.20","26906"
"937","Motilal Oswal Nifty 100 ETF","MONIFTY100","P&F | F.A","0.30","26.68","426"
"938","Godfrey Phillips India Limited","GODFRYPHLP","P&F | F.A","0.29","2860.00","72570"
"939","Tata Chemicals Limited","TATACHEM","P&F | F.A","0.29","761.05","159568"
"940","Sheela Foam Limited","SFL","P&F | F.A","0.29","579.20","65687"
"941","Jayant Agro Organics Limited","JAYAGROGN","P&F | F.A","0.29","204.87","5390"
"942","NDL Ventures Ltd","NDLVENTURE","P&F | F.A","0.29","90.19","4498"
"943","ICICI Prudential IT ETF","ITIETF","P&F | F.A","0.29","42.12","245588"
"944","Bombay Burmah Trading Corporation Limited","BBTC","P&F | F.A","0.28","1874.70","13367"
"945","HBL Engineering Ltd","HBLENGINE","P&F | F.A","0.28","814.05","419086"
"946","Siyaram Silk Mills Limited","SIYSIL","P&F | F.A","0.28","651.85","17741"
"947","Cello World Ltd","CELLO","P&F | F.A","0.28","572.50","27400"
"948","Brooks Laboratories Limited","BROOKS","P&F | F.A","0.28","98.31","21770"
"949","LIC MF Nifty Midcap 100 ETF","LICNMID100","P&F | F.A","0.28","60.51","5135"
"950","Suzlon Energy Limited","SUZLON","P&F | F.A","0.28","53.17","20467182"
"951","Indigo Paints Ltd","INDIGOPNTS","P&F | F.A","0.27","1237.20","23999"
"952","Olectra Greentech Ltd","OLECTRA","P&F | F.A","0.27","1216.80","191381"
"953","Jindal Drilling And Industries Limited","JINDRILL","P&F | F.A","0.27","507.05","43092"
"954","Savita Oil Technologies Limited","SOTL","P&F | F.A","0.27","373.75","5483"
"955","K.P. Energy Ltd","KPEL","P&F | F.A","0.27","348.75","129093"
"956","Atlas Cycles (haryana) Limited","ATLASCYCLE","P&F | F.A","0.27","93.00","680"
"957","Central Bank Of India","CENTRALBK","P&F | F.A","0.27","36.52","2586701"
"958","STL Networks Ltd","STLNETWORK","P&F | F.A","0.27","22.65","540272"
"959","Ace Integrated Solutions Ltd","ACEINTEG","P&F | F.A","0.27","21.90","857"
"960","Hero Motocorp Limited","HEROMOTOCO","P&F | F.A","0.26","5975.50","432305"
"961","Jindal Steel & Power Limited","JINDALSTEL","P&F | F.A","0.26","1032.20","225196"
"962","Mahindra Lifespace Developers Limited","MAHLIFE","P&F | F.A","0.26","402.40","44635"
"963","UTI Nifty IT ETF","NIFITETF","P&F | F.A","0.26","398.12","436"
"964","Star Cement Ltd","STARCEMENT","P&F | F.A","0.26","222.15","130723"
"965","SBFC Finance Ltd","SBFC","P&F | F.A","0.26","105.60","417554"
"966","Mukta Arts Limited","MUKTAARTS","P&F | F.A","0.26","61.45","1058"
"967","Mayur Uniquoters Ltd","MAYURUNIQ","P&F | F.A","0.25","488.45","6736"
"968","Mazda Limited","MAZDA","P&F | F.A","0.25","221.58","10473"
"969","Tamil Nadu Newsprint & Papers Limited","TNPL","P&F | F.A","0.25","143.42","18205"
"970","JTL Industries Ltd","JTLIND","P&F | F.A","0.25","61.04","243111"
"971","Trent Limited","TRENT","P&F | F.A","0.24","4085.30","296895"
"972","Sun Pharmaceuticals Industries Limited","SUNPHARMA","P&F | F.A","0.24","1797.80","861116"
"973","Natco Pharma Limited","NATCOPHARM","P&F | F.A","0.24","907.85","529431"
"974","Mirae Asset Nifty Bank ETF","BANKETF","P&F | F.A","0.24","603.48","2193"
"975","Bharat Electronics Limited","BEL","P&F | F.A","0.24","390.40","6740044"
"976","Harsha Engineers International Ltd","HARSHA","P&F | F.A","0.24","374.10","8873"
"977","Nippon India ETF  Nifty Dividend Opportunities 50","DIVOPPBEES","P&F | F.A","0.24","81.88","32409"
"978","ICICI Prudential FMCG ETF","FMCGIETF","P&F | F.A","0.24","58.74","452803"
"979","The Ugar Sugar Works Limited","UGARSUGAR","P&F | F.A","0.24","45.02","184316"
"980","Kotak Nifty Chemicals ETF","CHEMICAL","P&F | F.A","0.24","28.71","907514"
"981","Shoppers Stop Limited","SHOPERSTOP","P&F | F.A","0.23","440.00","50164"
"982","Redington (india) Limited","REDINGTON","P&F | F.A","0.23","281.30","1516445"
"983","RBZ Jewellers Ltd","RBZJEWEL","P&F | F.A","0.23","141.30","47783"
"984","Ht Media Limited","HTMEDIA","P&F | F.A","0.23","22.20","25007"
"985","Invesco India Gold ETF","IVZINGOLD","P&F | F.A","0.22","11601.25","323"
"986","LG Electronics India Ltd","LGEINDIA","P&F | F.A","0.22","1575.00","190857"
"987","Neogen Chemicals Ltd","NEOGEN","P&F | F.A","0.22","1092.10","292102"
"988","India Glycols Limited","INDIAGLYCO","P&F | F.A","0.22","1070.10","34880"
"989","Rishabh Instruments Ltd","RISHABH","P&F | F.A","0.22","401.55","17118"
"990","Bharat Petroleum Corporation Limited","BPCL","P&F | F.A","0.22","365.85","3770635"
"991","Windsor Machines Limited","WINDMACHIN","P&F | F.A","0.22","277.80","14545"
"992","Groww Nifty Next 50 ETF","GROWWNXT50","P&F | F.A","0.22","68.78","11192"
"993","NIFTY50VALUE30","NIFTY50VALUE30","P&F | F.A","0.21","5828.95","0"
"994","Mastek Limited","MASTEK","P&F | F.A","0.21","2176.90","9087"
"995","SBI Life Insurance Company Ltd","SBILIFE","P&F | F.A","0.21","2030.20","357609"
"996","Computer Age Management Services Ltd","CAMS","P&F | F.A","0.21","756.80","274065"
"997","Mirae Asset Nifty Next 50 ETF","NEXT50","P&F | F.A","0.21","703.50","7284"
"998","Kalyan Jewellers India Ltd","KALYANKJIL","P&F | F.A","0.21","480.30","1361087"
"999","HLE Glascoat Ltd","HLEGLAS","P&F | F.A","0.21","462.45","17627"
"1000","Til Limited","TIL","P&F | F.A","0.21","267.50","5198"
"1001","Arisinfra Solutions Ltd","ARISINFRA","P&F | F.A","0.21","125.82","109439"
"1002","Motilal Oswal Nifty Next 50 ETF","MONEXT50","P&F | F.A","0.21","68.10","3564"
"1003","Mrf Limited","MRF","P&F | F.A","0.20","152850.00","2002"
"1004","CNXSMALLCAP","CNXSMALLCAP","P&F | F.A","0.20","17425.15","0"
"1005","Teamlease Services Limited","TEAMLEASE","P&F | F.A","0.20","1605.80","13091"
"1006","Axis Banking ETF","AXISBNKETF","P&F | F.A","0.20","611.60","4716"
"1007","Sheetal Cool Products Ltd","SCPL","P&F | F.A","0.20","284.40","47578"
"1008","Nippon India ETF Nifty 50 Value 20","NV20BEES","P&F | F.A","0.20","154.98","15432"
"1009","Rolex Rings Ltd","ROLEXRINGS","P&F | F.A","0.20","133.56","1996936"
"1010","Kanoria Chemicals & Industries Limited","KANORICHEM","P&F | F.A","0.20","76.50","25428"
"1011","Mirae Asset Nifty 100 ESG Sector Leaders ETF","ESG","P&F | F.A","0.20","44.32","4286"
"1012","BLS E-Services Ltd","BLSE","P&F | F.A","0.19","217.68","97050"
"1013","Global Vectra Helicorp Limited","GLOBALVECT","P&F | F.A","0.19","198.90","3087"
"1014","Motilal Oswal Silver ETF","MOSILVER","P&F | F.A","0.19","190.99","84582"
"1015","Khadim India Ltd","KHADIM","P&F | F.A","0.19","171.60","35304"
"1016","MOMGF","MOMGF","P&F | F.A","0.19","151.76","552"
"1017","Apeejay Surrendra Park Hotels Ltd","PARKHOTELS","P&F | F.A","0.19","132.29","293004"
"1018","Nestle India Limited","NESTLEIND","P&F | F.A","0.18","1240.50","443569"
"1019","Symphony Limited","SYMPHONY","P&F | F.A","0.18","870.95","13227"
"1020","Agarwal Industrial Corporation Limited","AGARIND","P&F | F.A","0.18","686.65","19277"
"1021","Shanthi Gears Limited","SHANTIGEAR","P&F | F.A","0.18","471.30","5531"
"1022","Coal India Limited","COALINDIA","P&F | F.A","0.18","384.05","1178287"
"1023","BEML Land Assets Ltd","BLAL","P&F | F.A","0.18","205.41","5209"
"1024","DSP S&P BSE Sensex ETF","SENSEXADD","P&F | F.A","0.18","87.21","1158"
"1025","Sarla Performance Fibers Limited","SARLAPOLY","P&F | F.A","0.18","85.80","51514"
"1026","Kotak Nifty 100 Low Vol 30 ETF","LOWVOL1","P&F | F.A","0.18","21.93","38855"
"1027","LTI Mindtree Ltd","LTIM","P&F | F.A","0.17","6295.00","67921"
"1028","Siemens Limited","SIEMENS","P&F | F.A","0.17","3150.00","497393"
"1029","Godrej Industries Limited","GODREJIND","P&F | F.A","0.17","1018.30","18046"
"1030","Chennai Petroleum Corporation Limited","CHENNPETRO","P&F | F.A","0.17","929.00","419613"
"1031","Bhartiya International Limited","BIL","P&F | F.A","0.17","760.55","1364"
"1032","BANKNIFTY1","BANKNIFTY1","P&F | F.A","0.17","614.23","23576"
"1033","Nippon India ETF NIFTY 100","NIF100BEES","P&F | F.A","0.17","280.50","10093"
"1034","ICICI Prudential Nifty 100 Low Volatility 30 ETF","LOWVOLIETF","P&F | F.A","0.17","23.16","4468806"
"1035","NIFTYSMALLCAP50","NIFTYSMALLCAP50","P&F | F.A","0.16","8519.10","0"
"1036","Bajaj Electricals Limited","BAJAJELEC","P&F | F.A","0.16","477.15","63966"
"1037","Mangal Electrical Industries Ltd","MEIL","P&F | F.A","0.16","370.80","34797"
"1038","Vardhman Special Steels Limited","VSSL","P&F | F.A","0.16","289.35","23565"
"1039","ICICI Prudential Nifty Commodities ETF","COMMOIETF","P&F | F.A","0.16","94.22","54458"
"1040","Aditya Birla Sun Life Banking ETF","ABSLBANETF","P&F | F.A","0.16","60.74","10846"
"1041","Texmo Pipes And Products Limited","TEXMOPIPES","P&F | F.A","0.16","50.12","12437"
"1042","Glenmark Pharmaceuticals Limited","GLENMARK","P&F | F.A","0.15","1978.00","190958"
"1043","SBI ETF Nifty Bank","SETFNIFBK","P&F | F.A","0.15","608.82","13240"
"1044","LIC Nomura MF ETF - Nifty 100","LICNFNHGP","P&F | F.A","0.15","289.71","326"
"1045","UTI Nifty Midcap 150 ETF","NIFMID150","P&F | F.A","0.15","222.99","724"
"1046","Tokyo Plast International Limited","TOKYOPLAST","P&F | F.A","0.15","112.90","4095"
"1047","Emami Paper Mills Ltd","EMAMIPAP","P&F | F.A","0.15","89.67","2618"
"1048","Edelweiss BSE Sensex ETF","ESENSEX","P&F | F.A","0.15","85.55","347"
"1049","Edelweiss Nifty Bank ETF","EBANKNIFTY","P&F | F.A","0.15","60.02","988"
"1050","ICICI Prudential S&P BSE 500 ETF","BSE500IETF","P&F | F.A","0.15","40.11","46866"
"1051","SBI Nifty50 Equal Weight ETF","SBINEQWETF","P&F | F.A","0.15","33.40","9907"
"1052","Larsen & Toubro Limited","LT","P&F | F.A","0.14","4080.00","635049"
"1053","Tech Mahindra Limited","TECHM","P&F | F.A","0.14","1580.60","520477"
"1054","Bharat Bond ETF - April 2031","EBBETF0431","P&F | F.A","0.14","1396.97","4155"
"1055","Axis Technology ETF Regular Growth","AXISTECETF","P&F | F.A","0.14","417.33","3568"
"1056","Megasoft Limited","MEGASOFT","P&F | F.A","0.14","184.00","35847"
"1057","Uco Bank","UCOBANK","P&F | F.A","0.14","29.10","3189147"
"1058","Nippon India ETF Nifty 8-13 yr G-Sec LongTerm Gilt","LTGILTBEES","P&F | F.A","0.14","29.08","3183435"
"1059","Aditya Birla Sun Life Nifty 200 Quality 30 ETF","NIFTYQLITY","P&F | F.A","0.14","22.07","11826"
"1060","Raj Rayon Industries Ltd","RAJRILTD","P&F | F.A","0.14","21.80","15089"
"1061","CNXNIFTYJUNIOR","CNXNIFTYJUNIOR","P&F | F.A","0.13","68602.05","0"
"1062","NIFTY100LOWVOL30","NIFTY100LOWVOL30","P&F | F.A","0.13","21063.05","0"
"1063","NIFTYMETAL","NIFTYMETAL","P&F | F.A","0.13","10550.25","0"
"1064","SML Mahindra Ltd","SMLMAH","P&F | F.A","0.13","3770.00","24596"
"1065","Dr. Reddy's Laboratories Limited","DRREDDY","P&F | F.A","0.13","1280.90","536760"
"1066","Shree Vasu Logistics Ltd","SVLL","P&F | F.A","0.13","720.40","418"
"1067","Bajaj Healthcare Ltd","BAJAJHCARE","P&F | F.A","0.13","413.55","69921"
"1068","Afcons Infrastructure Ltd","AFCONS","P&F | F.A","0.13","400.20","83210"
"1069","Dynemic Products Ltd","DYNPRO","P&F | F.A","0.13","271.85","7098"
"1070","Mirae Asset NYSE FANG+ ETF","MAFANG","P&F | F.A","0.13","176.26","475539"
"1071","Power & Instrumentation (Gujarat) Ltd","PIGL","P&F | F.A","0.13","134.39","19568"
"1072","HDFC S&P BSE Sensex ETF","HDFCSENSEX","P&F | F.A","0.13","96.16","11782"
"1073","HDFC Nifty Banking ETF","HDFCNIFBAN","P&F | F.A","0.13","60.95","50011"
"1074","BANKNIFTY","BANKNIFTY","P&F | F.A","0.12","59459.35","0"
"1075","Blue Dart Express Limited","BLUEDART","P&F | F.A","0.12","5400.00","21526"
"1076","Abb India Limited","ABB","P&F | F.A","0.12","5284.50","151532"
"1077","NIFTYGSCOMPSITE","NIFTYGSCOMPSITE","P&F | F.A","0.12","3039.71","0"
"1078","Adani Enterprises Limited","ADANIENT","P&F | F.A","0.12","2285.10","363822"
"1079","Maithan Alloys Limited","MAITHANALL","P&F | F.A","0.12","949.95","9183"
"1080","Somany Ceramics Limited","SOMANYCERA","P&F | F.A","0.12","420.00","4286"
"1081","Eternal Ltd","ETERNAL","P&F | F.A","0.12","298.40","11297120"
"1082","Delphi World Money Ltd","DELPHIFX","P&F | F.A","0.12","251.37","26947"
"1083","Dam Capital Advisors Ltd","DAMCAPITAL","P&F | F.A","0.12","212.54","183399"
"1084","Max India Ltd","MAXIND","P&F | F.A","0.12","191.63","12149"
"1085","NIFTY50TR1XINV","NIFTY50TR1XINV","P&F | F.A","0.12","163.95","0"
"1086","HDFC Nifty 50 Value 20 ETF","HDFCVALUE","P&F | F.A","0.12","139.17","1910"
"1087","Indogulf Cropsciences Ltd","IGCL","P&F | F.A","0.12","84.09","84817"
"1088","Univastu India Ltd","UNIVASTU","P&F | F.A","0.12","66.26","2972"
"1089","Tirupati Forge Ltd","TIRUPATIFL","P&F | F.A","0.12","32.85","62072"
"1090","Tata Consultancy Services Limited","TCS","P&F | F.A","0.11","3224.00","799711"
"1091","Thangamayil Jewellery Limited","THANGAMAYL","P&F | F.A","0.11","3200.00","24199"
"1092","Stylam Industries Ltd","STYLAMIND","P&F | F.A","0.11","2230.00","48643"
"1093","Nilkamal Limited","NILKAMAL","P&F | F.A","0.11","1421.00","1098"
"1094","Lenskart Solutions Ltd","LENSKART","P&F | F.A","0.11","406.40","327933"
"1095","Goldiam International Limited","GOLDIAM","P&F | F.A","0.11","371.85","197166"
"1096","Advanced Enzyme Technologies Limited","ADVENZYMES","P&F | F.A","0.11","310.30","24037"
"1097","Indostar Capital Finance Ltd","INDOSTAR","P&F | F.A","0.11","242.75","24636"
"1098","Ppap Automotive Limited","PPAP","P&F | F.A","0.11","218.46","2193"
"1099","Ugro Capital Ltd","UGROCAP","P&F | F.A","0.11","171.42","77414"
"1100","Bedmutha Industries Limited","BEDMUTHA","P&F | F.A","0.11","101.70","3064"
"1101","Jagran Prakashan Limited","JAGRAN","P&F | F.A","0.11","70.19","62683"
"1102","Maral Overseas Limited","MARALOVER","P&F | F.A","0.11","45.84","5757"
"1103","Malu Paper Mills Limited","MALUPAPER","P&F | F.A","0.11","36.50","1637"
"1104","Punjab & Sind Bank","PSB","P&F | F.A","0.11","27.74","533601"
"1105","Peninsula Land Limited","PENINLAND","P&F | F.A","0.11","26.73","65637"
"1106","NIFTYTATA25CAP","NIFTYTATA25CAP","P&F | F.A","0.10","14929.80","0"
"1107","NIFTYINDTOURISM","NIFTYINDTOURISM","P&F | F.A","0.10","8524.55","0"
"1108","Veedol Corporation Ltd","VEEDOL","P&F | F.A","0.10","1641.90","2574"
"1109","Sanathan Textiles Ltd","SANATHAN","P&F | F.A","0.10","450.50","2694"
"1110","Sunteck Realty Limited","SUNTECK","P&F | F.A","0.10","401.15","35105"
"1111","Diamines & Chemicals Ltd","DIAMINESQ","P&F | F.A","0.10","262.00","1580"
"1112","NIFTY50PR1XINV","NIFTY50PR1XINV","P&F | F.A","0.10","200.35","0"
"1113","Balmer Lawrie & Company Limited","BALMLAWRIE","P&F | F.A","0.10","177.99","99215"
"1114","Nippon India ETF Nifty India Consumption","CONSUMBEES","P&F | F.A","0.10","135.78","95533"
"1115","Umiya Buildcon Ltd","UMIYA-MRO","P&F | F.A","0.10","87.20","2807"
"1116","The Byke Hospitality Ltd","BYKE","P&F | F.A","0.10","52.26","30180"
"1117","Lloyds Engineering Works Ltd","LLOYDSENGG","P&F | F.A","0.10","52.14","2104800"
"1118","Motilal Oswal S&P BSE Low Volatility ETF","MOLOWVOL","P&F | F.A","0.10","38.86","1273"
"1119","Kotak Nifty MNC ETF","MNC","P&F | F.A","0.10","30.92","33285"
"1120","Axis Nifty500 Value 50 ETF","AXISVALUE","P&F | F.A","0.10","30.52","16415"
"1121","DSP Nifty Private Bank ETF","PVTBANKADD","P&F | F.A","0.10","29.12","17092"
"1122","Allied Blenders & Distillers Ltd","ABDL","P&F | F.A","0.09","625.35","116959"
"1123","Nahar Spinning Mills Limited","NAHARSPING","P&F | F.A","0.09","199.65","4579"
"1124","Diamond Power Infrastructure Ltd","DIACABS","P&F | F.A","0.09","140.81","807926"
"1125","Blue Coast Hotels Limited","BLUECOAST","P&F | F.A","0.09","34.90","1838"
"1126","Apar Industries Limited","APARINDS","P&F | F.A","0.08","9031.00","10980"
"1127","Wockhardt Limited","WOCKPHARMA","P&F | F.A","0.08","1342.30","132417"
"1128","Global Education Ltd","GLOBAL","P&F | F.A","0.08","89.10","29315"
"1129","Mangalam Drugs And Organics Limited","MANGALAM","P&F | F.A","0.08","25.22","20991"
"1130","NIFTY50VALUE20","NIFTY50VALUE20","P&F | F.A","0.07","13228.55","0"
"1131","NIFTY100LIQ15","NIFTY100LIQ15","P&F | F.A","0.07","7466.00","0"
"1132","Banco Products (i) Limited","BANCOINDIA","P&F | F.A","0.07","711.15","192729"
"1133","Fairchem Organics Ltd","FAIRCHEMOR","P&F | F.A","0.07","682.40","5975"
"1134","Ttk Prestige Limited","TTKPRESTIG","P&F | F.A","0.07","641.00","4835"
"1135","Akums Drugs & Pharmaceuticals Ltd","AKUMS","P&F | F.A","0.07","423.35","20434"
"1136","Mamata Machinery Ltd","MAMATA","P&F | F.A","0.07","420.50","23936"
"1137","IRIS Business Services Ltd","IRIS","P&F | F.A","0.07","304.85","2790"
"1138","Nippon India ETF Nifty Midcap 150","MID150BEES","P&F | F.A","0.07","228.14","359350"
"1139","India Pesticides Ltd","IPL","P&F | F.A","0.07","169.10","98325"
"1140","Fedbank Financial Services Ltd","FEDFINA","P&F | F.A","0.07","142.78","430834"
"1141","Renaissance Global Ltd","RGL","P&F | F.A","0.07","130.60","107498"
"1142","Bharat 22 ETF","ICICIB22","P&F | F.A","0.07","115.90","126428"
"1143","Morepen Laboratories Limited","MOREPENLAB","P&F | F.A","0.07","41.54","602479"
"1144","NIFTYGS813YR","NIFTYGS813YR","P&F | F.A","0.06","2961.05","0"
"1145","Wealth First Portfolio Managers Ltd","WEALTH","P&F | F.A","0.06","1005.95","1391"
"1146","Polyplex Corporation Limited","POLYPLEX","P&F | F.A","0.06","829.05","22863"
"1147","Westlife Development Ltd","WESTLIFE","P&F | F.A","0.06","551.00","11098"
"1148","Steel Authority Of India Limited","SAIL","P&F | F.A","0.06","131.98","6136927"
"1149","Kothari Petrochemicals Limited","KOTHARIPET","P&F | F.A","0.06","126.18","25580"
"1150","Nippon India ETF Junior BeES","JUNIORBEES","P&F | F.A","0.05","736.81","175937"
"1151","Repco Home Finance Limited","REPCOHOME","P&F | F.A","0.05","401.65","28806"
"1152","Finolex Industries Limited","FINPIPE","P&F | F.A","0.05","165.68","216242"
"1153","Motilal Oswal Nifty PSE ETF","MOPSE","P&F | F.A","0.05","96.80","281"
"1154","ICICI Prudential Nifty Bank ETF","BANKIETF","P&F | F.A","0.05","60.77","294127"
"1155","DJ Mediaprint & Logistics Ltd","DJML","P&F | F.A","0.05","59.99","62295"
"1156","Kotak IT ETF","IT","P&F | F.A","0.05","41.96","57955"
"1157","Nippon India BSE Sensex Next 30 ETF","SNXT30BEES","P&F | F.A","0.05","39.89","3115"
"1158","ICICI Prudential Nifty 200 Quality 30 ETF","QUAL30IETF","P&F | F.A","0.05","21.89","10363"
"1159","VL E-Governance & IT Solutions Ltd","VLEGOV","P&F | F.A","0.05","21.02","425525"
"1160","Maharashtra Scooters Limited","MAHSCOOTER","P&F | F.A","0.04","14177.00","1576"
"1161","NIFTYTOP10EW","NIFTYTOP10EW","P&F | F.A","0.04","10041.45","0"
"1162","NIFTYCOMMODITIES","NIFTYCOMMODITIES","P&F | F.A","0.04","9267.80","0"
"1163","NIFTYGS1115YR","NIFTYGS1115YR","P&F | F.A","0.04","3225.56","0"
"1164","Hpl Electric & Power Limited","HPL","P&F | F.A","0.04","392.35","38815"
"1165","Shivalik Rasayan Ltd","SHIVALIK","P&F | F.A","0.04","375.00","2311"
"1166","Vip Industries Limited","VIPIND","P&F | F.A","0.04","351.70","68000"
"1167","Artemis Medicare Services Ltd","ARTEMISMED","P&F | F.A","0.04","280.10","61580"
"1168","Wipro Limited","WIPRO","P&F | F.A","0.04","260.70","2356244"
"1169","Zerodha Nifty 1D Rate Liquid ETF","LIQUIDCASE","P&F | F.A","0.04","111.85","5425595"
"1170","Donear Industries Limited","DONEAR","P&F | F.A","0.04","99.00","13209"
"1171","Aditya Birla Sun Life Nifty Next 50 ETF","ABSLNN50ET","P&F | F.A","0.04","71.73","20876"
"1172","Amd Industries Limited","AMDIND","P&F | F.A","0.04","50.35","4866"
"1173","Lancor Holdings Ltd","LANCORHOL","P&F | F.A","0.04","25.00","3705"
"1174","The Motor & General Finance Limited","MOTOGENFIN","P&F | F.A","0.04","23.82","2697"
"1175","NIFTY100EQLWGT","NIFTY100EQLWGT","P&F | F.A","0.03","33622.65","0"
"1176","NIFTYMIDSMALLCAP400","NIFTYMIDSMALLCAP400","P&F | F.A","0.03","20030.55","0"
"1177","NIFTY500MULTICAP","NIFTY500MULTICAP","P&F | F.A","0.03","16359.55","0"
"1178","NIFTYGS10YR","NIFTYGS10YR","P&F | F.A","0.03","2606.79","0"
"1179","V2 Retail Limited","V2RETAIL","P&F | F.A","0.03","2230.00","31279"
"1180","BirlaNu Ltd","BIRLANU","P&F | F.A","0.03","1565.00","5099"
"1181","BHARATBOND-APR30","BHARATBOND-APR30","P&F | F.A","0.03","1564.67","0"
"1182","Sharda Motor Industries Limited","SHARDAMOTR","P&F | F.A","0.03","950.50","14125"
"1183","SBI Nifty Next 50","SETFNN50","P&F | F.A","0.03","729.45","18838"
"1184","Mirae Asset Nifty50 Equal Weight ETF","EQUAL50","P&F | F.A","0.03","331.84","114"
"1185","LIC Nomura MF ETF - NIFTY 50 - Growth Plan","LICNETFN50","P&F | F.A","0.03","289.22","1139"
"1186","Ksolves India Ltd","KSOLVES","P&F | F.A","0.03","287.70","24096"
"1187","Rudrabhishek Enterprises Ltd","REPL","P&F | F.A","0.03","120.50","2878"
"1188","Motilal Oswal S&P BSE Enhanced Value ETF Fund","MOVALUE","P&F | F.A","0.03","112.68","34548"
"1189","Axis S&P BSE Sensex ETF","AXSENSEX","P&F | F.A","0.03","87.77","115"
"1190","Motilal Oswal 5 Year G-Sec ETF","MOGSEC","P&F | F.A","0.03","62.89","2788"
"1191","Geekay Wires Ltd","GEEKAYWIRE","P&F | F.A","0.03","32.51","95721"
"1192","NIFTYCONSUMPTION","NIFTYCONSUMPTION","P&F | F.A","0.02","12214.35","0"
"1193","Schaeffler India Ltd","SCHAEFFLER","P&F | F.A","0.02","3832.00","27823"
"1194","BHARATBOND-APR31","BHARATBOND-APR31","P&F | F.A","0.02","1424.58","0"
"1195","Electrotherm (india) Limited","ELECTHERM","P&F | F.A","0.02","847.20","15775"
"1196","DSP Nifty 50 Equal Weight ETF","EQUAL50ADD","P&F | F.A","0.02","342.42","2759"
"1197","Rama Phosphates Ltd","RAMAPHO","P&F | F.A","0.02","156.53","27900"
"1198","Groww Nifty 1D Rate Liquid ETF","GROWWLIQID","P&F | F.A","0.02","107.04","121833"
"1199","Motilal Oswal Nifty India Tourism ETF","MOTOUR","P&F | F.A","0.02","85.04","11041"
"1200","Bajaj Finserv Nifty Bank ETF","BANKBETF","P&F | F.A","0.02","60.15","46134"
"1201","NIFTYGS48YR","NIFTYGS48YR","P&F | F.A","0.01","3213.22","0"
"1202","Cholamandalam Investment And Finance Company Limited","CHOLAFIN","P&F | F.A","0.01","1735.80","1109305"
"1203","DSP S&P BSE Liquid Rate ETF","LIQUIDADD","P&F | F.A","0.01","1104.52","217659"
"1204","Shriram Nifty 1D Rate Liquid ETF","LIQUIDSHRI","P&F | F.A","0.01","1083.62","2565"
"1205","Kotak Nifty 1D Rate Liquid ETF","LIQUID1","P&F | F.A","0.01","1082.38","95474"
"1206","Mirae Asset Nifty 1D Rate Liquid ETF-Growth","LIQUIDPLUS","P&F | F.A","0.01","1063.93","34778"
"1207","Bajaj Finserv Nifty 1D Rate Liquid ETF","LIQUIDBETF","P&F | F.A","0.01","1060.80","71894"
"1208","ICICI Prudential BSE Liquid Rate ETF - Growth","CASHIETF","P&F | F.A","0.01","1041.11","74591"
"1209","HDFC Nifty 1D Rate Liquid ETF","HDFCLIQUID","P&F | F.A","0.01","1040.21","22044"
"1210","Angel One Nifty 1D Rate Liquid ETF - Growth","AONELIQUID","P&F | F.A","0.01","1038.54","16435"
"1211","Nippon India Nifty 1D Rate Liquid ETF - Growth","LIQGRWBEES","P&F | F.A","0.01","1020.00","43898"
"1212","SBI Nifty 1D Rate Liquid ETF","SBILIQETF","P&F | F.A","0.01","1018.45","3311"
"1213","Edelweiss Nifty 1D Rate Liquid ETF","ELIQUID","P&F | F.A","0.01","1010.32","1500"
"1214","ICICI Prudential S&P BSE Liquid Rate ETF","LIQUIDIETF","P&F | F.A","0.01","1000.00","90691"
"1215","Aditya Birla Sun Life AMC Ltd","ABSLAMC","P&F | F.A","0.01","752.00","278640"
"1216","UTI Nifty ETF","UTINIFTETF","P&F | F.A","0.01","286.77","16987"
"1217","Motilal Oswal NASDAQ 100 ETF","MON100","P&F | F.A","0.01","233.46","657524"
"1218","Adani Power Limited","ADANIPOWER","P&F | F.A","0.01","144.51","6693336"
"1219","Nitco Limited","NITCO","P&F | F.A","0.01","91.00","174270"
"1220","Bhansali Engineering Polymers Limited","BEPL","P&F | F.A","0.01","89.72","116288"
"1221","Bluspring Enterprises Ltd","BLUSPRING","P&F | F.A","0.01","68.15","36854"
"1222","NIFTYPVTBANK","NIFTYPVTBANK","P&F | F.A","0.00","28801.65","0"
"1223","NIFTYM150QLTY50","NIFTYM150QLTY50","P&F | F.A","0.00","24036.20","0"
"1224","Nifty Total Market","NIFTYTOTALMKT","P&F | F.A","0.00","13311.80","0"
"1225","NIFTY100ESG","NIFTY100ESG","P&F | F.A","0.00","5165.40","0"
"1226","Safari Industries (India) Ltd","SAFARI","P&F | F.A","0.00","2295.50","5527"
"1227","Ttk Healthcare Limited","TTKHLTCARE","P&F | F.A","0.00","1060.00","1744"
"1228","Mirae Asset Nifty 1D Rate Liquid ETF","LIQUID","P&F | F.A","0.00","1000.00","55577"
"1229","SBI Nifty 1D Rate ETF","LIQUIDSBI","P&F | F.A","0.00","1000.00","1845"
"1230","Nippon India ETF Liquid BeES","LIQUIDBEES","P&F | F.A","0.00","1000.00","836290"
"1231","DSP BlackRock Liquid ETF","LIQUIDETF","P&F | F.A","0.00","1000.00","25510"
"1232","Aditya Birla SL Crisil Overnight Fund AI Index ETF","ABSLLIQUID","P&F | F.A","0.00","999.99","140"
"1233","Lincoln Pharmaceuticals Limited","LINCOLN","P&F | F.A","0.00","472.85","15307"
"1234","Apollo Pipes Ltd","APOLLOPIPE","P&F | F.A","0.00","300.30","15423"
"1235","Asian Energy Services Ltd","ASIANENE","P&F | F.A","0.00","296.70","41076"
"1236","Ashiana Housing Limited","ASHIANA","P&F | F.A","0.00","291.95","10148"
"1237","ICICI Prudential Nifty 10 yr Benchmark G-Sec ETF","GSEC10IETF","P&F | F.A","0.00","258.00","105"
"1238","NIFTY50DIVPOINT","NIFTY50DIVPOINT","P&F | F.A","0.00","249.14","0"
"1239","Niraj Ispat Industries Limited","NIRAJISPAT","P&F | F.A","0.00","217.72","68"
"1240","Aditya Birla Sun Life Crisil 10 Year Gilt ETF","GSEC10ABSL","P&F | F.A","0.00","109.87","1"
"1241","Munjal Auto Industries Limited","MUNJALAU","P&F | F.A","0.00","79.24","29858"
"1242","UTI Nifty 5 yr Benchmark G-Sec ETF","NIF5GETF","P&F | F.A","0.00","63.79","138"
"1243","Motilal Oswal Nifty Alpha 50 ETF","MOALPHA50","P&F | F.A","0.00","50.33","5088"
"1244","Motilal Oswal BSE Select IPO ETF","MOIPO","P&F | F.A","0.00","46.71","218"
"1245","Aditya Birla Sun Life Nifty IT ETF","TECH","P&F | F.A","0.00","41.25","26149"
"1246","HDFC Nifty 200 Momentum 30 ETF","HDFCMOMENT","P&F | F.A","0.00","31.66","48203"
"1247","HDFC Nifty Private Bank ETF","HDFCPVTBAN","P&F | F.A","0.00","29.29","28112"
"1248","LIC Nomura MF G-Sec Long Term ETF","LICNETFGSC","P&F | F.A","0.00","28.65","67704"
"1249","JHS Svendgaard Retail Ventures Ltd","RETAIL","P&F | F.A","0.00","25.80","5003"
"1250","Fineotex Chemical Limited","FCL","P&F | F.A","0.00","24.44","534006"
"1251","ICICI Prudential Nifty Midcap 150 ETF","MIDCAPIETF","P&F | F.A","0.00","22.81","664637"
"1252","Kotak Nifty Midcap 150 ETF","MID150","P&F | F.A","0.00","22.41","11960"
"1253","HDFC Nifty Midcap 150 ETF","HDFCMID150","P&F | F.A","0.00","22.36","146995"
"1254","NIFTY500","NIFTY500","P&F | F.A","-0.01","23723.30","0"
"1255","NIFTYOILANDGAS","NIFTYOILANDGAS","P&F | F.A","-0.01","11926.15","0"
"1256","Navin Fluorine International Limited","NAVINFLUOR","P&F | F.A","-0.01","6122.00","74477"
"1257","Kotak Mahindra Bank Limited","KOTAKBANK","P&F | F.A","-0.01","2176.30","1457215"
"1258","Tata Communications Limited","TATACOMM","P&F | F.A","-0.01","1798.90","34238"
"1259","India Shelter Finance Corporation Ltd","INDIASHLTR","P&F | F.A","-0.01","859.85","78095"
"1260","Aegis Logistics Ltd","AEGISLOG","P&F | F.A","-0.01","750.60","66464"
"1261","Nippon India ETF Bank Bees","BANKBEES","P&F | F.A","-0.01","613.09","199032"
"1262","Indosolar Ltd","WAAREEINDO","P&F | F.A","-0.01","440.00","61031"
"1263","Religare Enterprises Limited","RELIGARE","P&F | F.A","-0.01","233.64","409287"
"1264","Avantel Ltd","AVANTEL","P&F | F.A","-0.01","152.41","693144"
"1265","Nmdc Limited","NMDC","P&F | F.A","-0.01","77.93","10653011"
"1266","Bharat Bijlee Limited","BBL","P&F | F.A","-0.02","2825.30","4516"
"1267","Galaxy Surfactants Ltd","GALAXYSURF","P&F | F.A","-0.02","1987.00","5732"
"1268","Icici Bank Limited","ICICIBANK","P&F | F.A","-0.02","1365.70","3409860"
"1269","NIFTYGS10YRCLN","NIFTYGS10YRCLN","P&F | F.A","-0.02","892.11","0"
"1270","Subros Limited","SUBROS","P&F | F.A","-0.02","865.80","21205"
"1271","Schneider Electric Infrastructure Limited","SCHNEIDER","P&F | F.A","-0.02","717.25","112695"
"1272","Tera Software Ltd","TERASOFT","P&F | F.A","-0.02","467.55","5110"
"1273","Zenith Exports Limited","ZENITHEXPO","P&F | F.A","-0.02","244.95","1784"
"1274","Rupa & Company Limited","RUPA","P&F | F.A","-0.02","162.71","34026"
"1275","Tata Nifty India Digital ETF","TNIDETF","P&F | F.A","-0.02","99.74","42019"
"1276","Motilal Oswal Nifty Realty ETF","MOREALTY","P&F | F.A","-0.02","88.59","250178"
"1277","CL Educate","CLEDUCATE","P&F | F.A","-0.02","82.56","21602"
"1278","NIFTY50EQLWGT","NIFTY50EQLWGT","P&F | F.A","-0.03","32993.75","0"
"1279","NIFTY100","NIFTY100","P&F | F.A","-0.03","26556.85","0"
"1280","PIRAMALFIN","PIRAMALFIN","P&F | F.A","-0.03","1520.00","46031"
"1281","Spectrum Electrical Industries Ltd","SPECTRUM","P&F | F.A","-0.03","1213.80","2185"
"1282","Adani Total Gas Ltd","ATGL","P&F | F.A","-0.03","593.50","133183"
"1283","Sirca Paints India Ltd","SIRCA","P&F | F.A","-0.03","474.00","74909"
"1284","One Mobikwik Systems Ltd","MOBIKWIK","P&F | F.A","-0.03","237.45","331637"
"1285","Mirae Asset Nifty 100 Low Volatility 30 ETF","LOWVOL","P&F | F.A","-0.03","214.71","23"
"1286","DSP BSE SENSEX Next 30 ETF","NEXT30ADD","P&F | F.A","-0.03","39.96","3860"
"1287","Aditya Birla Sun Life Nifty 200 Momentum 30 ETF","MOMENTUM","P&F | F.A","-0.03","31.83","27334"
"1288","ICICI Prudential Nifty 100 ETF","NIF100IETF","P&F | F.A","-0.03","29.57","146897"
"1289","Invesco India Nifty ETF","IVZINNIFTY","P&F | F.A","-0.04","2965.51","21"
"1290","QNIFTY","QNIFTY","P&F | F.A","-0.04","2846.00","85"
"1291","Triveni Turbine Limited","TRITURBINE","P&F | F.A","-0.04","532.70","323146"
"1292","NIIT Learning Systems Ltd","NIITMTS","P&F | F.A","-0.04","403.00","10910"
"1293","NIFTYBEES","NIFTYBEES","P&F | F.A","-0.04","294.58","2995941"
"1294","NIFTYIETF","NIFTYIETF","P&F | F.A","-0.04","293.00","310493"
"1295","HDFCNIFTY","HDFCNIFTY","P&F | F.A","-0.04","291.42","56332"
"1296","Abans Financial Services Ltd","AFSL","P&F | F.A","-0.04","201.46","2047"
"1297","Castrol India Limited","CASTROLIND","P&F | F.A","-0.04","183.90","546422"
"1298","Indian Energy Exchange Ltd","IEX","P&F | F.A","-0.04","143.14","2028691"
"1299","AMJ Land Holdings Ltd","AMJLAND","P&F | F.A","-0.04","50.37","4981"
"1300","ENIFTY","ENIFTY","P&F | F.A","-0.04","26.52","669"
"1301","Motilal Oswal Nifty 500 ETF","MONIFTY500","P&F | F.A","-0.04","24.16","212165"
"1302","NIFTYALPHALOWVOL","NIFTYALPHALOWVOL","P&F | F.A","-0.05","27119.55","0"
"1303","NIFTY200","NIFTY200","P&F | F.A","-0.05","14462.00","0"
"1304","Metropolis Healthcare Ltd","METROPOLIS","P&F | F.A","-0.05","1913.00","10569"
"1305","Reliance Industries Limited","RELIANCE","P&F | F.A","-0.05","1555.70","3324760"
"1306","Pondy Oxides & Chemicals Ltd","POCL","P&F | F.A","-0.05","1303.20","90537"
"1307","India Motor Parts And Accessories Limited","IMPAL","P&F | F.A","-0.05","1035.20","849"
"1308","Berger Paints (i) Limited","BERGEPAINT","P&F | F.A","-0.05","541.00","59753"
"1309","Max Estates Ltd","MAXESTATES","P&F | F.A","-0.05","444.00","22642"
"1310","Zydus Wellness Limited","ZYDUSWELL","P&F | F.A","-0.05","426.20","49241"
"1311","Senco Gold Ltd","SENCO","P&F | F.A","-0.05","312.00","203552"
"1312","JITF Infra Logistics Ltd","JITFINFRA","P&F | F.A","-0.05","280.05","7771"
"1313","SBI ETF Nifty 50","SETFNIF50","P&F | F.A","-0.05","278.38","219695"
"1314","HDFC S & P BSE 500 ETF","HDFCBSE500","P&F | F.A","-0.05","38.04","12977"
"1315","NIFTYMULTIINFRA","NIFTYMULTIINFRA","P&F | F.A","-0.06","14327.00","0"
"1316","Intellect Design Arena Limited","INTELLECT","P&F | F.A","-0.06","1029.40","112965"
"1317","Magadh Sugar & Energy Ltd","MAGADSUGAR","P&F | F.A","-0.06","506.00","2849"
"1318","Rail Vikas Nigam Ltd","RVNL","P&F | F.A","-0.06","313.70","976583"
"1319","Petronet Lng Limited","PETRONET","P&F | F.A","-0.06","268.80","990000"
"1320","FSN E-Commerce Ventures Ltd","NYKAA","P&F | F.A","-0.06","250.95","5813794"
"1321","ICICI Prudential Silver ETF","SILVERIETF","P&F | F.A","-0.06","192.00","8739067"
"1322","ICICI Prudential Nifty India Consumption ETF","CONSUMIETF","P&F | F.A","-0.06","126.26","14654"
"1323","Axis Consumption ETF","AXISCETF","P&F | F.A","-0.06","125.61","5799"
"1324","Motilal Oswal Nifty India Defence ETF","MODEFENCE","P&F | F.A","-0.06","83.05","1692922"
"1325","Saraswati Saree Depot Ltd","SSDL","P&F | F.A","-0.06","80.76","6316"
"1326","Meghmani Organics Ltd","MOL","P&F | F.A","-0.06","63.72","190767"
"1327","NIFTY","NIFTY","P&F | F.A","-0.07","26029.90","0"
"1328","NIFTYMIDCAP50","NIFTYMIDCAP50","P&F | F.A","-0.07","17264.90","0"
"1329","NIFTYLARGEMID250","NIFTYLARGEMID250","P&F | F.A","-0.07","16756.05","0"
"1330","NIFTYMULTIMFG","NIFTYMULTIMFG","P&F | F.A","-0.07","15774.05","0"
"1331","NIFTYINDDIGITAL","NIFTYINDDIGITAL","P&F | F.A","-0.07","9592.55","0"
"1332","CNXINFRA","CNXINFRA","P&F | F.A","-0.07","9545.00","0"
"1333","The Grob Tea Company Limited","GROBTEA","P&F | F.A","-0.07","1000.00","280"
"1334","ICICI Prudential S&P BSE Sensex ETF","SENSEXIETF","P&F | F.A","-0.07","972.73","5214"
"1335","Happiest Minds Technologies Ltd","HAPPSTMNDS","P&F | F.A","-0.07","490.15","70512"
"1336","La Opala Rg Limited","LAOPALA","P&F | F.A","-0.07","205.24","29551"
"1337","Birla Sun Life Sensex ETF","BSLSENETFG","P&F | F.A","-0.07","85.14","660"
"1338","Atam Valves Ltd","ATAM","P&F | F.A","-0.07","81.28","9648"
"1339","HDFC Nifty Next 50 ETF","HDFCNEXT50","P&F | F.A","-0.07","69.62","45479"
"1340","Manali Petrochemicals Limited","MANALIPETC","P&F | F.A","-0.07","61.04","81229"
"1341","NIFTYINDIAMFG","NIFTYINDIAMFG","P&F | F.A","-0.08","15212.60","0"
"1342","NIFTYGROWSECT15","NIFTYGROWSECT15","P&F | F.A","-0.08","12408.85","0"
"1343","NIFTY100ESGSECLDR","NIFTY100ESGSECLDR","P&F | F.A","-0.08","4340.35","0"
"1344","ICICI Lombard General Insurance Company Ltd","ICICIGI","P&F | F.A","-0.08","1936.40","120565"
"1345","Anthem Biosciences Ltd","ANTHEM","P&F | F.A","-0.08","698.90","1467204"
"1346","Fdc Limited","FDC","P&F | F.A","-0.08","418.55","22125"
"1347","SBI ETF PRIVATE BANK","SBIETFPB","P&F | F.A","-0.08","292.64","6636"
"1348","AksharChem (India) Ltd","AKSHARCHEM","P&F | F.A","-0.08","249.15","3330"
"1349","Nlc India Limited","NLCINDIA","P&F | F.A","-0.08","243.71","1673412"
"1350","Responsive Industries Limited","RESPONIND","P&F | F.A","-0.08","194.41","19583"
"1351","Hexa Tradex Limited","HEXATRADEX","P&F | F.A","-0.08","166.60","696"
"1352","Menon Bearings Limited","MENONBE","P&F | F.A","-0.08","105.94","16704"
"1353","NIFTYSERVSECTOR","NIFTYSERVSECTOR","P&F | F.A","-0.09","33772.30","0"
"1354","BHARATBOND-APR32","BHARATBOND-APR32","P&F | F.A","-0.09","1295.99","0"
"1355","BHARATBOND-APR33","BHARATBOND-APR33","P&F | F.A","-0.09","1257.44","0"
"1356","Nippon India ETF Infra BeES","INFRABEES","P&F | F.A","-0.09","984.00","8494"
"1357","Bata India Limited","BATAINDIA","P&F | F.A","-0.09","959.40","29995"
"1358","Excel Industries Limited","EXCELINDUS","P&F | F.A","-0.09","928.20","3783"
"1359","SRM Contractors Ltd","SRM","P&F | F.A","-0.09","562.30","33107"
"1360","Indegene Ltd","INDGN","P&F | F.A","-0.09","525.95","81085"
"1361","General Insurance Corporation of India","GICRE","P&F | F.A","-0.09","382.00","161062"
"1362","Sequent Scientific Limited","SEQUENT","P&F | F.A","-0.09","209.50","421763"
"1363","Sun Pharma Advanced Research Company Limited","SPARC","P&F | F.A","-0.09","136.72","593109"
"1364","Nhpc Limited","NHPC","P&F | F.A","-0.09","77.06","2369125"
"1365","Motilal Oswal Midcap 100 ETF","MOM100","P&F | F.A","-0.09","64.87","202409"
"1366","Nippon India ETF 5 Year Gilt","GILT5YBEES","P&F | F.A","-0.09","63.38","192496"
"1367","Indbank Merchant Banking Services Limited","INDBANK","P&F | F.A","-0.09","35.04","15222"
"1368","ENERGY","ENERGY","P&F | F.A","-0.09","35.02","19331"
"1369","CNXPSE","CNXPSE","P&F | F.A","-0.10","9555.05","0"
"1370","NIFTYINDDEFENCE","NIFTYINDDEFENCE","P&F | F.A","-0.10","7560.65","0"
"1371","Bharat Bond ETF - April 2030","EBBETF0430","P&F | F.A","-0.10","1559.50","17765"
"1372","Max Healthcare Institute Ltd","MAXHEALTH","P&F | F.A","-0.10","1080.20","876680"
"1373","Edelweiss Nifty500 Multicap Momentum Qual. 50 ETF","EMULTIMQ","P&F | F.A","-0.10","41.87","60469"
"1374","Atlantaa Ltd","ATLANTAA","P&F | F.A","-0.10","41.07","17334"
"1375","Aditya Birla Sun Life Nifty 50 ETF","BSLNIFTY","P&F | F.A","-0.10","30.28","158821"
"1376","Mirae Asset Nifty Financial Services ETF - RG","BFSI","P&F | F.A","-0.10","28.57","242918"
"1377","Nectar Lifesciences Limited","NECLIFE","P&F | F.A","-0.10","21.02","1015753"
"1378","Vardhman Holdings Limited","VHL","P&F | F.A","-0.11","3552.00","344"
"1379","Godrej Properties Limited","GODREJPROP","P&F | F.A","-0.11","2072.80","327815"
"1380","Gala Precision Engineering Ltd","GALAPREC","P&F | F.A","-0.11","751.30","5701"
"1381","Sil Investments Limited","SILINV","P&F | F.A","-0.11","515.25","370"
"1382","Kanpur Plastipack Ltd","KANPRPLA","P&F | F.A","-0.11","198.91","3333"
"1383","Edelweiss Silver ETF","ESILVER","P&F | F.A","-0.11","192.10","77483"
"1384","Standard Glass Lining Technology Ltd","SGLTL","P&F | F.A","-0.11","156.50","127510"
"1385","Sai Silks (Kalamandir) Ltd","KALAMANDIR","P&F | F.A","-0.11","151.60","252972"
"1386","Pnb Gilts Limited","PNBGILTS","P&F | F.A","-0.11","79.40","97679"
"1387","UTI Bank ETF","UTIBANKETF","P&F | F.A","-0.11","61.19","52733"
"1388","Mirae Asset BSE Select IPO ETF","SELECTIPO","P&F | F.A","-0.11","46.57","5181"
"1389","Regency Ceramics Limited","REGENCERAM","P&F | F.A","-0.11","45.89","200"
"1390","Kothari Sugars And Chemicals Limited","KOTARISUG","P&F | F.A","-0.11","28.25","9806"
"1391","ICICI Prudential Nifty Alpha Low Volatility 30 ETF","ALPL30IETF","P&F | F.A","-0.11","27.96","593162"
"1392","Nifty midcap 150","NIFTYMIDCAP150","P&F | F.A","-0.12","22126.15","0"
"1393","Swaraj Engines Limited","SWARAJENG","P&F | F.A","-0.12","3708.20","3606"
"1394","Yasho Industries Ltd","YASHO","P&F | F.A","-0.12","1572.50","1483"
"1395","Amrutanjan Health Care Limited","AMRUTANJAN","P&F | F.A","-0.12","686.60","3585"
"1396","Jana Small Finance Bank Ltd","JSFB","P&F | F.A","-0.12","433.60","40696"
"1397","NIFTY1","NIFTY1","P&F | F.A","-0.12","286.95","51561"
"1398","Axis Healthcare ETF","AXISHCETF","P&F | F.A","-0.12","149.72","2156"
"1399","GROWW","GROWW","P&F | F.A","-0.12","144.95","8997731"
"1400","Nippon India ETF Nifty SDL-2026 Maturity","SDL26BEES","P&F | F.A","-0.12","135.38","9101"
"1401","The State Trading Corporation Of India Limited","STCINDIA","P&F | F.A","-0.12","122.20","19182"
"1402","ICICI Prudential Nifty Infrastructure ETF","INFRAIETF","P&F | F.A","-0.12","98.11","250839"
"1403","ICICI Prudential Nifty Next 50 ETF","NEXT50IETF","P&F | F.A","-0.12","71.94","510311"
"1404","Garden Reach Shipbuilders & Engineers Ltd","GRSE","P&F | F.A","-0.13","2347.00","731983"
"1405","Bharat Bond ETF - April 2033","EBBETF0433","P&F | F.A","-0.13","1270.02","6357"
"1406","Mahanagar Gas Limited","MGL","P&F | F.A","-0.13","1121.70","48510"
"1407","Cheviot Company Ltd","CHEVIOT","P&F | F.A","-0.13","1058.10","653"
"1408","Rubicon Research Ltd","RUBICON","P&F | F.A","-0.13","635.50","55626"
"1409","Divgi Torqtransfer Systems Ltd","DIVGIITTS","P&F | F.A","-0.13","592.75","1167"
"1410","Royal Orchid Hotels Limited","ROHLTD","P&F | F.A","-0.13","382.75","16055"
"1411","Emkay Global Financial Services Limited","EMKAY","P&F | F.A","-0.13","264.95","1551"
"1412","Karur Vysya Bank Limited","KARURVYSYA","P&F | F.A","-0.13","245.03","532304"
"1413","UTI Silver ETF","SILVERETF","P&F | F.A","-0.13","185.39","1991658"
"1414","Union Bank Of India","UNIONBANK","P&F | F.A","-0.13","152.54","5160483"
"1415","DSP Nifty Top 10 Equal Weight ETF","TOP10ADD","P&F | F.A","-0.13","101.71","16349"
"1416","The South Indian Bank Limited","SOUTHBANK","P&F | F.A","-0.13","39.91","8405059"
"1417","Zerodha Nifty 8-13 Yr G-Sec ETF","LTGILTCASE","P&F | F.A","-0.13","29.63","101435"
"1418","Bharat Road Network","BRNL","P&F | F.A","-0.13","23.17","19342"
"1419","CNXMIDCAP","CNXMIDCAP","P&F | F.A","-0.14","60199.85","0"
"1420","Voltamp Transformers Limited","VOLTAMP","P&F | F.A","-0.14","8089.50","9766"
"1421","Reliance Industrial Infrastructure Limited","RIIL","P&F | F.A","-0.14","822.50","15399"
"1422","Rane (madras) Limited","RML","P&F | F.A","-0.14","740.00","2895"
"1423","MMP Industries Ltd","MMP","P&F | F.A","-0.14","251.15","6155"
"1424","Kotak Nifty Midcap 50 ETF","MIDCAP","P&F | F.A","-0.14","175.85","31147"
"1425","Kotak Nifty India Consumption ETF","CONS","P&F | F.A","-0.14","125.00","2064"
"1426","Mirae Asset S&P BSE Sensex ETF","SENSEXETF","P&F | F.A","-0.14","87.19","14431"
"1427","Torrent Pharmaceuticals Limited","TORNTPHARM","P&F | F.A","-0.15","3786.00","93345"
"1428","Coromandel International Limited","COROMANDEL","P&F | F.A","-0.15","2323.00","172426"
"1429","Icici Prudential Life Insurance Company Limited","ICICIPRULI","P&F | F.A","-0.15","646.55","1579086"
"1430","Suraj Ltd","SURAJLTD","P&F | F.A","-0.15","260.20","595"
"1431","Nippon India Silver ETF","SILVERBEES","P&F | F.A","-0.15","183.85","42585936"
"1432","Allied Digital Services Limited","ADSL","P&F | F.A","-0.15","157.05","49632"
"1433","Ircon International Ltd","IRCON","P&F | F.A","-0.15","156.92","954928"
"1434","Navneet Education Limited","NAVNETEDUL","P&F | F.A","-0.15","140.81","108651"
"1435","Kriti Industries (India) Ltd","KRITI","P&F | F.A","-0.15","87.72","29317"
"1436","Zodiac Clothing Company Limited","ZODIACLOTH","P&F | F.A","-0.15","87.71","3217"
"1437","Sjvn Limited","SJVN","P&F | F.A","-0.15","72.19","1439334"
"1438","Visaka Industries Limited","VISAKAIND","P&F | F.A","-0.15","66.31","22991"
"1439","HDFC Nifty 100 Quality 30 ETF","HDFCQUAL","P&F | F.A","-0.15","60.01","4531"
"1440","Groww Nifty India Railways PSU ETF","GROWWRAIL","P&F | F.A","-0.15","33.11","227356"
"1441","NIFTYMS400MQ100","NIFTYMS400MQ100","P&F | F.A","-0.16","47943.10","0"
"1442","NIFTY50TR2XLEV","NIFTY50TR2XLEV","P&F | F.A","-0.16","21887.10","0"
"1443","NIFTY50PR2XLEV","NIFTY50PR2XLEV","P&F | F.A","-0.16","14626.90","0"
"1444","The Peria Karamalai Tea & Produce Company Limited","PKTEA","P&F | F.A","-0.16","764.25","42"
"1445","Insecticides (india) Limited","INSECTICID","P&F | F.A","-0.16","699.60","6384"
"1446","Jyothy Laboratories Limited","JYOTHYLAB","P&F | F.A","-0.16","282.80","66476"
"1447","BORANA","BORANA","P&F | F.A","-0.16","275.65","13501"
"1448","Alphageo (india) Limited","ALPHAGEO","P&F | F.A","-0.16","220.32","3839"
"1449","Viceroy Hotels Ltd","VHLTD","P&F | F.A","-0.16","129.60","3997"
"1450","Kirloskar Oil Engines Limited","KIRLOSENG","P&F | F.A","-0.17","1142.70","95943"
"1451","Indian Railway Catering & Tourism Corporation Ltd","IRCTC","P&F | F.A","-0.17","673.10","188793"
"1452","Everest Industries Limited","EVERESTIND","P&F | F.A","-0.17","514.20","3911"
"1453","Apcotex Industries Limited","APCOTEXIND","P&F | F.A","-0.17","370.95","3865"
"1454","Tata Nifty Private Bank ETF","NPBET","P&F | F.A","-0.17","297.26","299"
"1455","All Time Plastics Ltd","ALLTIME","P&F | F.A","-0.17","267.00","14079"
"1456","Bajaj Finserv Nifty 50 ETF","NIFTYBETF","P&F | F.A","-0.17","265.76","3724"
"1457","Aditya Birla Sun Life Silver ETF","SILVER","P&F | F.A","-0.17","191.45","1862914"
"1458","Manoj Vaibhav Gems N Jewellers Ltd","MVGJL","P&F | F.A","-0.17","182.33","23755"
"1459","Sammaan Capital Ltd","SAMMAANCAP","P&F | F.A","-0.17","149.23","21148342"
"1460","We Win Ltd","WEWIN","P&F | F.A","-0.17","45.90","341"
"1461","ICICI Prudential Nifty Private Bank ETF","PVTBANIETF","P&F | F.A","-0.17","29.02","162028"
"1462","KFin Technologies Ltd","KFINTECH","P&F | F.A","-0.18","1049.80","330251"
"1463","Uniphos Enterprises Limited","UNIENTER","P&F | F.A","-0.18","137.00","2400"
"1464","Zee Entertainment Enterprises Limited","ZEEL","P&F | F.A","-0.18","94.00","3622415"
"1465","Motilal Oswal Nifty 50 Equal Weight ETF","MON50EQUAL","P&F | F.A","-0.18","33.17","1201"
"1466","Mirae Asset Nifty Midcap 150 ETF","MIDCAPETF","P&F | F.A","-0.18","22.53","1348327"
"1467","Vijaya Diagnostic Centre Ltd","VIJAYA","P&F | F.A","-0.19","988.60","331475"
"1468","Astra Microwave Products Limited","ASTRAMICRO","P&F | F.A","-0.19","905.35","138247"
"1469","Axis Nifty ETF","AXISNIFTY","P&F | F.A","-0.19","285.91","4333"
"1470","NIFTYETF","NIFTYETF","P&F | F.A","-0.19","280.95","60539"
"1471","Superhouse Limited","SUPERHOUSE","P&F | F.A","-0.19","147.00","2422"
"1472","R M Drip & Sprinklers Systems Ltd","RMDRIP","P&F | F.A","-0.19","79.37","50651"
"1473","CNXENERGY","CNXENERGY","P&F | F.A","-0.20","34968.65","0"
"1474","Alkem Laboratories Limited","ALKEM","P&F | F.A","-0.20","5619.50","12198"
"1475","The Indian Hotels Company Limited","INDHOTEL","P&F | F.A","-0.20","733.55","2222434"
"1476","Anand Rathi Share & Stock Brokers Ltd","ARSSBL","P&F | F.A","-0.20","599.20","270128"
"1477","Sandhar Technologies Limited","SANDHAR","P&F | F.A","-0.20","559.95","115615"
"1478","Sonata Software Limited","SONATSOFTW","P&F | F.A","-0.20","349.35","156429"
"1479","Borosil Ltd","BOROLTD","P&F | F.A","-0.20","298.75","10825"
"1480","Hindware Home Innovation Ltd","HINDWAREAP","P&F | F.A","-0.20","274.50","28534"
"1481","360 ONE Silver ETF","SILVER360","P&F | F.A","-0.20","188.85","60992"
"1482","Gillanders Arbuthnot & Company Limited","GILLANDERS","P&F | F.A","-0.20","106.45","242"
"1483","Db (international) Stock Brokers Limited","DBSTOCKBRO","P&F | F.A","-0.20","25.32","1040"
"1484","NIFTYM150MOMNTM50","NIFTYM150MOMNTM50","P&F | F.A","-0.21","62154.90","0"
"1485","NIFTY500MOMENTM50","NIFTY500MOMENTM50","P&F | F.A","-0.21","53213.35","0"
"1486","Automotive Stampings And Assemblies Limited","ASAL","P&F | F.A","-0.21","496.65","5909"
"1487","Taj Gvk Hotels & Resorts Limited","TAJGVK","P&F | F.A","-0.21","385.00","88067"
"1488","Rallis India Limited","RALLIS","P&F | F.A","-0.21","263.05","185387"
"1489","Pace Digitek Ltd","PACEDIGITK","P&F | F.A","-0.21","199.60","176403"
"1490","ICICI Prudential Healthcare ETF","HEALTHIETF","P&F | F.A","-0.21","150.45","53366"
"1491","Tv Today Network Limited","TVTODAY","P&F | F.A","-0.21","134.81","21370"
"1492","CNXREALTY","CNXREALTY","P&F | F.A","-0.22","884.60","0"
"1493","SBI-ETF 10 Year GILT","SETF10GILT","P&F | F.A","-0.22","258.03","27446"
"1494","DSP Nifty Midcap 150 Quality 50 ETF","MIDQ50ADD","P&F | F.A","-0.22","246.48","6886"
"1495","Mask Investments Limited","MASKINVEST","P&F | F.A","-0.22","165.00","53"
"1496","Motilal Oswal Nifty Midcap150 Momentum 50 ETF","MOMIDMTM","P&F | F.A","-0.22","63.26","24682"
"1497","Indian Overseas Bank","IOB","P&F | F.A","-0.22","36.95","2017456"
"1498","NIFTY200MOMENTM30","NIFTY200MOMENTM30","P&F | F.A","-0.23","31377.70","0"
"1499","NIFTYFINSRV2550","NIFTYFINSRV2550","P&F | F.A","-0.23","30075.95","0"
"1500","Thejo Engineering Ltd","THEJO","P&F | F.A","-0.23","1594.70","4450"
"1501","Torrent Power Limited","TORNTPOWER","P&F | F.A","-0.23","1287.80","65180"
"1502","GMM Pfaudler Ltd","GMMPFAUDLR","P&F | F.A","-0.23","1070.20","24314"
"1503","Lic Housing Finance Limited","LICHSGFIN","P&F | F.A","-0.23","531.15","713366"
"1504","DMCC Speciality Chemicals Ltd","DMCC","P&F | F.A","-0.23","260.35","5004"
"1505","Sukhjit Starch & Chemicals Ltd","SUKHJITS","P&F | F.A","-0.23","147.99","11687"
"1506","Arihant Capital Markets Ltd","ARIHANTCAP","P&F | F.A","-0.23","94.71","90064"
"1507","Ifci Limited","IFCI","P&F | F.A","-0.23","48.59","1386829"
"1508","Pvp Ventures Limited","PVP","P&F | F.A","-0.23","34.01","56052"
"1509","NIFTYMIDSELECT","NIFTYMIDSELECT","P&F | F.A","-0.24","13874.80","0"
"1510","United Spirits Ltd","UNITDSPR","P&F | F.A","-0.24","1443.60","142571"
"1511","Transport Corporation Of India Limited","TCI","P&F | F.A","-0.24","1045.80","4918"
"1512","Kalyani Forge Limited","KALYANIFRG","P&F | F.A","-0.24","659.70","392"
"1513","Panache Digilife Ltd","PANACHE","P&F | F.A","-0.24","330.00","3967"
"1514","Tamilnadu Petroproducts Limited","TNPETRO","P&F | F.A","-0.24","104.09","55035"
"1515","Mirae Asset Nifty 200 Alpha 30 ETF","ALPHAETF","P&F | F.A","-0.24","25.18","139327"
"1516","NIFTYFINSERVICE","NIFTYFINSERVICE","P&F | F.A","-0.25","27604.65","0"
"1517","Oracle Financial Services Software Limited","OFSS","P&F | F.A","-0.25","7970.00","33333"
"1518","Caplin Point Laboratories Limited","CAPLIPOINT","P&F | F.A","-0.25","1959.00","12984"
"1519","One 97 Communications Ltd","PAYTM","P&F | F.A","-0.25","1301.40","785947"
"1520","Macpower CNC Machines Ltd","MACPOWER","P&F | F.A","-0.25","1011.10","5419"
"1521","Maharashtra Seamless Limited","MAHSEAMLES","P&F | F.A","-0.25","558.25","52369"
"1522","CARRARO","CARRARO","P&F | F.A","-0.25","541.75","37521"
"1523","Relaxo Footwears Limited","RELAXO","P&F | F.A","-0.25","404.05","42929"
"1524","Oil India Limited","OIL","P&F | F.A","-0.25","403.35","394710"
"1525","Thirumalai Chemicals Limited","TIRUMALCHM","P&F | F.A","-0.25","232.30","73260"
"1526","Sula Vineyards Ltd","SULA","P&F | F.A","-0.25","215.10","132458"
"1527","Dhampur Bio Organics Ltd","DBOL","P&F | F.A","-0.25","79.68","66607"
"1528","Mirae AN Midsmallcap400 Momentum Quality 100 ETF","MIDSMALL","P&F | F.A","-0.25","48.12","53914"
"1529","ICICI Prudential Nifty Financial Serv. Ex-Bank ETF","FINIETF","P&F | F.A","-0.25","32.36","281546"
"1530","ICICI Prudential Nifty 200 Momentum 30 ETF","MOM30IETF","P&F | F.A","-0.25","31.93","218191"
"1531","Kotak Nifty 200 Momentum 30 ETF","MOMENTUM30","P&F | F.A","-0.25","31.43","10507"
"1532","Essar Shipping Limited","ESSARSHPNG","P&F | F.A","-0.25","28.13","44901"
"1533","Apl Apollo Tubes Limited","APLAPOLLO","P&F | F.A","-0.26","1733.30","235321"
"1534","Eid Parry India Limited","EIDPARRY","P&F | F.A","-0.26","1032.70","22796"
"1535","Cyient DLM Ltd","CYIENTDLM","P&F | F.A","-0.26","427.25","62081"
"1536","V-guard Industries Limited","VGUARD","P&F | F.A","-0.26","329.65","32180"
"1537","Laxmi Dental Ltd","LAXMIDENTL","P&F | F.A","-0.26","266.55","162210"
"1538","Amines & Plasticizers Ltd","AMNPLST","P&F | F.A","-0.26","174.00","4237"
"1539","Nifty50 Value 20","NV20","P&F | F.A","-0.26","154.48","5156"
"1540","Motilal Oswal Nifty Energy ETF","MOENERGY","P&F | F.A","-0.26","35.08","29506"
"1541","Lexus Granito (India) Ltd","LEXUS","P&F | F.A","-0.26","27.00","1910"
"1542","NIFTYCPSE","NIFTYCPSE","P&F | F.A","-0.27","6215.70","0"
"1543","Mazagon Dock Shipbuilders Ltd","MAZDOCK","P&F | F.A","-0.27","2452.00","286590"
"1544","Honda Siel Power Products Limited","HONDAPOWER","P&F | F.A","-0.27","2343.60","2689"
"1545","Accelya Kale Solutions Limited","ACCELYA","P&F | F.A","-0.27","1306.20","41701"
"1546","Axis Bank Limited","AXISBANK","P&F | F.A","-0.27","1282.60","896489"
"1547","UTI Sensex ETF","UTISENSETF","P&F | F.A","-0.27","937.50","662"
"1548","Liberty Shoes Limited","LIBERTSHOE","P&F | F.A","-0.27","279.10","4871"
"1549","Northern ARC Capital Ltd","NORTHARC","P&F | F.A","-0.27","259.25","156370"
"1550","Star Paper Mills Limited","STARPAPER","P&F | F.A","-0.27","160.30","1402"
"1551","Jay Bharat Maruti Limited","JAYBARMARU","P&F | F.A","-0.27","88.27","24466"
"1552","Paramount Communications Limited","PARACABLES","P&F | F.A","-0.27","36.85","311421"
"1553","Persistent Systems Limited","PERSISTENT","P&F | F.A","-0.28","6318.50","97041"
"1554","Krystal Integrated Services Ltd","KRYSTAL","P&F | F.A","-0.28","517.75","3924"
"1555","Atul Auto Limited","ATULAUTO","P&F | F.A","-0.28","440.45","29012"
"1556","Gokul Agro Resources Limited","GOKULAGRO","P&F | F.A","-0.28","194.45","288580"
"1557","Aarvi Encon Ltd","AARVI","P&F | F.A","-0.28","121.97","3811"
"1558","R.p.p. Infra Projects Limited","RPPINFRA","P&F | F.A","-0.28","102.16","29097"
"1559","CPSE ETF*","CPSEETF","P&F | F.A","-0.28","89.33","517602"
"1560","Avt Natural Products Limited","AVTNPL","P&F | F.A","-0.28","66.62","28393"
"1561","Motilal Oswal Nifty 500 Momentum 50 ETF","MOMENTUM50","P&F | F.A","-0.28","52.88","304873"
"1562","Datamatics Global Services Limited","DATAMATICS","P&F | F.A","-0.29","824.00","13698"
"1563","Tata Motors Passenger Vehicles Ltd","TMPV","P&F | F.A","-0.29","346.45","4805893"
"1564","Tata Nifty ETF","NETF","P&F | F.A","-0.29","280.55","1823"
"1565","Axis Silver ETF","AXISILVER","P&F | F.A","-0.29","190.80","2028312"
"1566","Hitech Corporation","HITECHCORP","P&F | F.A","-0.29","168.00","5260"
"1567","Saurashtra Cement Ltd","SAURASHCEM","P&F | F.A","-0.29","85.75","26421"
"1568","Himachal Futuristic Communications Limited","HFCL","P&F | F.A","-0.29","66.37","5940475"
"1569","Gokul Refoils And Solvent Limited","GOKUL","P&F | F.A","-0.29","40.68","7955"
"1570","Alicon Castalloy Limited","ALICON","P&F | F.A","-0.30","855.40","1947"
"1571","Career Point Edutech Ltd","CPEDU","P&F | F.A","-0.30","269.95","4347"
"1572","Mirae Asset Nifty 8-13 Yr G-Sec ETF","GSEC10YEAR","P&F | F.A","-0.30","29.53","2303"
"1573","Nippon India NIFTY Pharma ETF Growth Plan","PHARMABEES","P&F | F.A","-0.30","23.26","4660332"
"1574","NIFTYHEALTHCARE","NIFTYHEALTHCARE","P&F | F.A","-0.31","14708.00","0"
"1575","Jubilant Pharmova Ltd","JUBLPHARMA","P&F | F.A","-0.31","1082.60","39739"
"1576","Mirae Asset Nifty India Manufacturing ETF","MAKEINDIA","P&F | F.A","-0.31","154.06","9673"
"1577","ICICI Prudential Nifty 5 Yr Benchmark G-Sec ETF","GSEC5IETF","P&F | F.A","-0.31","63.77","2424"
"1578","NIFTYMIDLIQ15","NIFTYMIDLIQ15","P&F | F.A","-0.32","16367.75","0"
"1579","Ultratech Cement Limited","ULTRACEMCO","P&F | F.A","-0.32","11685.00","118461"
"1580","Lloyds Metals & Energy Ltd","LLOYDSME","P&F | F.A","-0.32","1284.20","110223"
"1581","Sakar Healthcare Ltd","SAKAR","P&F | F.A","-0.32","421.00","13215"
"1582","Aarti Drugs Limited","AARTIDRUGS","P&F | F.A","-0.32","393.45","60739"
"1583","Onward Technologies Limited","ONWARDTEC","P&F | F.A","-0.32","276.35","6046"
"1584","South West Pinnacle Exploration Ltd","SOUTHWEST","P&F | F.A","-0.32","194.90","13905"
"1585","Groww Nifty India Defence ETF","GROWWDEFNC","P&F | F.A","-0.32","75.50","139949"
"1586","Bannari Amman Spinning Mills Limited","BASML","P&F | F.A","-0.32","27.76","33883"
"1587","Shilchar Technologies Ltd","SHILCTECH","P&F | F.A","-0.33","4000.00","3939"
"1588","PB Fintech Ltd","POLICYBZR","P&F | F.A","-0.33","1918.90","745762"
"1589","SignatureGlobal India Ltd","SIGNATURE","P&F | F.A","-0.33","1118.80","211804"
"1590","Container Corporation Of India Limited","CONCOR","P&F | F.A","-0.33","503.85","257857"
"1591","Tata Power Company Limited","TATAPOWER","P&F | F.A","-0.33","380.70","2022891"
"1592","Jio Financial Services Ltd","JIOFIN","P&F | F.A","-0.33","299.75","3431327"
"1593","Crompton Greaves Consumer Electricals Limited","CROMPTON","P&F | F.A","-0.33","253.25","525559"
"1594","Baroda BNP Paribas Nifty Bank ETF","BBNPNBETF","P&F | F.A","-0.33","59.70","237"
"1595","Modern Threads (I) Ltd","MODTHREAD","P&F | F.A","-0.33","45.87","23984"
"1596","Bharti Airtel Limited","BHARTIARTL","P&F | F.A","-0.34","2076.30","1714580"
"1597","ELLEN","ELLEN","P&F | F.A","-0.34","351.05","42426"
"1598","Ntpc Limited","NTPC","P&F | F.A","-0.34","323.95","7472520"
"1599","DSP Nifty Healthcare ETF","HEALTHADD","P&F | F.A","-0.34","148.36","992"
"1600","SBI ETF Consumption","SBIETFCON","P&F | F.A","-0.34","125.34","11872"
"1601","UTI Nifty 10 yr Benchmark G-Sec ETF","NIF10GETF","P&F | F.A","-0.34","26.05","975"
"1602","CNXPHARMA","CNXPHARMA","P&F | F.A","-0.35","22729.65","0"
"1603","Apollo Hospitals Enterprise Limited","APOLLOHOSP","P&F | F.A","-0.35","7076.50","151837"
"1604","Pitti Engineering Ltd","PITTIENG","P&F | F.A","-0.35","821.10","13361"
"1605","Tata Investment Corporation Limited","TATAINVEST","P&F | F.A","-0.35","719.35","155592"
"1606","Biocon Limited","BIOCON","P&F | F.A","-0.35","385.00","772685"
"1607","Mirae Asset Silver ETF","SILVERAG","P&F | F.A","-0.35","187.00","418377"
"1608","HDFC Silver ETF","HDFCSILVER","P&F | F.A","-0.35","184.20","5587155"
"1609","Groww Nifty EV & New Age Automotive ETF","GROWWEV","P&F | F.A","-0.35","30.97","93628"
"1610","Crisil Limited","CRISIL","P&F | F.A","-0.36","4482.60","27609"
"1611","Tvs Motor Company Limited","TVSMOTOR","P&F | F.A","-0.36","3642.00","195011"
"1612","Yatra Online Ltd","YATRA","P&F | F.A","-0.36","176.16","484394"
"1613","Krebs Biochemicals And Industries Limited","KREBSBIO","P&F | F.A","-0.36","68.41","2152"
"1614","Kotak MSCI India ETF","MSCIINDIA","P&F | F.A","-0.36","30.78","7345"
"1615","Centum Electronics Limited","CENTUM","P&F | F.A","-0.37","2294.30","8828"
"1616","Venus Pipes & Tubes Ltd","VENUSPIPES","P&F | F.A","-0.37","1249.40","8476"
"1617","Dodla Dairy Ltd","DODLA","P&F | F.A","-0.37","1216.10","15201"
"1618","AB Cotspin India Ltd","ABCOTS","P&F | F.A","-0.37","412.75","4192"
"1619","Motilal Oswal M50 ETF","MOM50","P&F | F.A","-0.37","269.77","4479"
"1620","Hikal Limited","HIKAL","P&F | F.A","-0.37","251.77","255338"
"1621","Kotak Silver ETF","SILVER1","P&F | F.A","-0.37","186.40","1103587"
"1622","Gail (india) Limited","GAIL","P&F | F.A","-0.37","170.08","4335196"
"1623","Ruchira Papers Limited","RUCHIRA","P&F | F.A","-0.37","119.84","26428"
"1624","Kotak Nifty Alpha 50 ETF","ALPHA","P&F | F.A","-0.37","48.33","509670"
"1625","HDFC Nifty 100 ETF","HDFCNIF100","P&F | F.A","-0.37","27.25","18884"
"1626","HDFC Nifty 100 Low Volatility 30 ETF","HDFCLOWVOL","P&F | F.A","-0.37","21.47","5377"
"1627","Procter & Gamble Hygiene And Health Care Limited","PGHH","P&F | F.A","-0.38","12726.00","1279"
"1628","Revathi Equipment India Ltd","RVTH","P&F | F.A","-0.38","710.20","318"
"1629","JSW Infrastructure Ltd","JSWINFRA","P&F | F.A","-0.38","273.20","486058"
"1630","Nath Bio-genes (india) Limited","NATHBIOGEN","P&F | F.A","-0.38","152.72","2410"
"1631","Inspirisys Solutions Ltd","INSPIRISYS","P&F | F.A","-0.38","88.00","6729"
"1632","Reliance Power Limited","RPOWER","P&F | F.A","-0.38","34.40","26727632"
"1633","Ingersoll Rand (india) Limited","INGERRAND","P&F | F.A","-0.39","3559.00","2564"
"1634","Grasim Industries Limited","GRASIM","P&F | F.A","-0.39","2825.70","380346"
"1635","Tata Technologies Ltd","TATATECH","P&F | F.A","-0.39","657.40","248639"
"1636","Cohance Lifesciences Ltd","COHANCE","P&F | F.A","-0.39","533.70","185320"
"1637","Stanley Lifestyles Ltd","STANLEY","P&F | F.A","-0.39","223.64","34064"
"1638","Linc Ltd","LINC","P&F | F.A","-0.39","111.62","14376"
"1639","Motilal Oswal Nasdaq Q 50 ETF","MONQ50","P&F | F.A","-0.39","99.27","75822"
"1640","Lovable Lingerie Limited","LOVABLE","P&F | F.A","-0.39","82.30","2821"
"1641","Azad Engineering Ltd","AZAD","P&F | F.A","-0.40","1601.40","27534"
"1642","360 ONE WAM Ltd","360ONE","P&F | F.A","-0.40","1137.60","1241943"
"1643","Advent Hotels International Ltd","ADVENTHTL","P&F | F.A","-0.40","221.69","107534"
"1644","Advani Hotels & Resorts (india) Limited","ADVANIHOTR","P&F | F.A","-0.40","57.71","18056"
"1645","Aartech Solonics Ltd","AARTECH","P&F | F.A","-0.40","49.29","13821"
"1646","Titan Company Limited","TITAN","P&F | F.A","-0.41","3864.40","180445"
"1647","Carborundum Universal Limited","CARBORUNIV","P&F | F.A","-0.41","871.05","15162"
"1648","63 Moons Technologies","63MOONS","P&F | F.A","-0.41","757.85","88511"
"1649","Dlf Limited","DLF","P&F | F.A","-0.41","696.50","839632"
"1650","L T Foods Ltd","LTFOODS","P&F | F.A","-0.41","380.45","221880"
"1651","CMS Info Systems Ltd","CMSINFO","P&F | F.A","-0.41","349.00","173985"
"1652","Muthoot Capital Services Limited","MUTHOOTCAP","P&F | F.A","-0.41","276.80","2303"
"1653","D P Wires Ltd","DPWIRES","P&F | F.A","-0.41","194.98","2864"
"1654","SBI Silver ETF","SBISILVER","P&F | F.A","-0.41","188.18","2042805"
"1655","Shalimar Paints Limited","SHALPAINTS","P&F | F.A","-0.41","60.00","42952"
"1656","Kotak Nifty 100 Equal Weight ETF","NIFTY100EW","P&F | F.A","-0.41","33.71","8089"
"1657","Avenue Supermarts","DMART","P&F | F.A","-0.42","3827.00","118024"
"1658","Manappuram Finance Limited","MANAPPURAM","P&F | F.A","-0.42","286.40","804867"
"1659","ICICI Prudential Nifty EV & New Age Automotive ETF","EVIETF","P&F | F.A","-0.42","31.17","18342"
"1660","Mirae Asset Hang Seng TECH ETF","MAHKTECH","P&F | F.A","-0.42","25.82","321264"
"1661","NIFTYMIDSMLHLTH","NIFTYMIDSMLHLTH","P&F | F.A","-0.43","43289.20","0"
"1662","Bayer Cropscience Limited","BAYERCROP","P&F | F.A","-0.43","4389.80","7953"
"1663","Seamec Limited","SEAMECLTD","P&F | F.A","-0.43","1022.80","11191"
"1664","Genus Power Infrastructures Limited","GENUSPOWER","P&F | F.A","-0.43","301.95","130021"
"1665","Anlon Healthcare Ltd","AHCL","P&F | F.A","-0.43","140.85","76346"
"1666","Nk Industries Limited","NKIND","P&F | F.A","-0.43","65.50","147"
"1667","NIFTYALPHA50","NIFTYALPHA50","P&F | F.A","-0.44","50317.45","0"
"1668","NIFTY200ALPHA30","NIFTY200ALPHA30","P&F | F.A","-0.44","25140.90","0"
"1669","Hitachi Energy India Ltd","POWERINDIA","P&F | F.A","-0.44","19450.00","32299"
"1670","Bajaj Auto Limited","BAJAJ-AUTO","P&F | F.A","-0.44","8975.50","403121"
"1671","Gujarat Fluorochemicals Ltd","FLUOROCHEM","P&F | F.A","-0.44","3450.60","23531"
"1672","Rossari Biotech Ltd","ROSSARI","P&F | F.A","-0.44","582.80","14988"
"1673","Gretex Corporate Services Ltd","GCSL","P&F | F.A","-0.44","341.50","5163"
"1674","Crizac Ltd","CRIZAC","P&F | F.A","-0.44","280.40","115733"
"1675","Greenpanel Industries Ltd","GREENPANEL","P&F | F.A","-0.44","237.00","56790"
"1676","Indo Rama Synthetics (india) Limited","INDORAMA","P&F | F.A","-0.44","47.18","41224"
"1677","Aurobindo Pharma Limited","AUROPHARMA","P&F | F.A","-0.45","1189.70","328849"
"1678","Nippon Life India Asset Management Ltd","NAM-INDIA","P&F | F.A","-0.45","866.55","185772"
"1679","Iifl Holdings Limited","IIFL","P&F | F.A","-0.45","578.40","436926"
"1680","Orient Bell Limited","ORIENTBELL","P&F | F.A","-0.45","267.95","2865"
"1681","Heidelbergcement India Limited","HEIDELBERG","P&F | F.A","-0.45","174.63","22346"
"1682","Indian Renewable Energy Development Agency Ltd","IREDA","P&F | F.A","-0.45","135.57","2151593"
"1683","Motilal Oswal S&P BSE Healthcare ETF","MOHEALTH","P&F | F.A","-0.45","44.50","36948"
"1684","Mirae Asset Nifty EV and New Age Automotive ETF","EVINDIA","P&F | F.A","-0.45","31.13","126540"
"1685","CreditAccess Grameen Ltd","CREDITACC","P&F | F.A","-0.46","1282.50","142033"
"1686","Kolte - Patil Developers Limited","KOLTEPATIL","P&F | F.A","-0.46","382.50","16954"
"1687","Iti Limited","ITI","P&F | F.A","-0.46","303.70","122326"
"1688","Trejhara Solutions Ltd","TREJHARA","P&F | F.A","-0.46","246.70","3671"
"1689","Vraj Iron & Steel Ltd","VRAJ","P&F | F.A","-0.46","122.40","11264"
"1690","Indo Amines Ltd","INDOAMIN","P&F | F.A","-0.46","118.20","21145"
"1691","Indian Railway Finance Corporation Ltd","IRFC","P&F | F.A","-0.46","113.30","3363971"
"1692","Grp Limited","GRPLTD","P&F | F.A","-0.47","1776.20","668"
"1693","Oberoi Realty Limited","OBEROIRLTY","P&F | F.A","-0.47","1652.00","142396"
"1694","Happy Forgings Ltd","HAPPYFORGE","P&F | F.A","-0.47","1067.10","13287"
"1695","Pashupati Cotspin Ltd","PASHUPATI","P&F | F.A","-0.47","830.05","1036"
"1696","Groww Nifty Midcap 150 ETF","GROWWMC150","P&F | F.A","-0.47","221.39","554"
"1697","Bharat Seats Ltd","BHARATSE","P&F | F.A","-0.47","177.19","34009"
"1698","Brigade Hotel Ventures Ltd","BRIGHOTEL","P&F | F.A","-0.47","72.72","25242"
"1699","Orissa Bengal Carrier Ltd","OBCL","P&F | F.A","-0.47","55.37","582"
"1700","Tata Teleservices (maharashtra) Limited","TTML","P&F | F.A","-0.47","48.87","1988779"
"1701","Shipping Corporation of India Land & Assets Ltd","SCILAL","P&F | F.A","-0.47","46.71","171658"
"1702","HP Adhesives Ltd","HPAL","P&F | F.A","-0.47","42.70","16137"
"1703","Dhanlaxmi Bank Limited","DHANBANK","P&F | F.A","-0.47","25.16","204870"
"1704","Global Health Ltd","MEDANTA","P&F | F.A","-0.48","1146.90","54456"
"1705","Schloss Bangalore Ltd","THELEELA","P&F | F.A","-0.48","395.75","40289"
"1706","DSP Silver ETF","SILVERADD","P&F | F.A","-0.48","184.99","637657"
"1707","Aditya Birla Sun Life CRISIL Broad Based Gilt ETF","ABGSEC","P&F | F.A","-0.48","110.70","830"
"1708","Texmaco Infrastructure & Holdings Limited","TEXINFRA","P&F | F.A","-0.48","105.39","36827"
"1709","Snowman Logistics Limited","SNOWMAN","P&F | F.A","-0.48","41.35","112619"
"1710","Tega Industries Ltd","TEGA","P&F | F.A","-0.49","1913.00","28276"
"1711","Aster DM Healthcare Ltd","ASTERDM","P&F | F.A","-0.49","617.30","294818"
"1712","Indo Count Industries Limited","ICIL","P&F | F.A","-0.49","285.55","39349"
"1713","Entertainment Network (india) Limited","ENIL","P&F | F.A","-0.49","114.38","15516"
"1714","Suratwwala Business Group Ltd","SBGLP","P&F | F.A","-0.49","34.50","96978"
"1715","Bannari Amman Sugars Limited","BANARISUG","P&F | F.A","-0.50","3620.00","308"
"1716","Bajaj Finance Limited","BAJFINANCE","P&F | F.A","-0.50","1012.20","2355997"
"1717","SBI Cards & Payment Services Ltd","SBICARD","P&F | F.A","-0.50","870.20","337923"
"1718","Tembo Global Industries Ltd","TEMBO","P&F | F.A","-0.50","743.00","33666"
"1719","Granules India Limited","GRANULES","P&F | F.A","-0.50","571.65","338096"
"1720","Ig Petrochemicals Limited","IGPL","P&F | F.A","-0.50","404.10","7384"
"1721","Aeroflex Enterprises Ltd","AEROENTER","P&F | F.A","-0.50","79.75","63797"
"1722","Lyka Labs Limited","LYKALABS","P&F | F.A","-0.50","77.30","7778"
"1723","Ishan Dyes and chemicals Ltd","ISHANCH","P&F | F.A","-0.50","65.80","3983"
"1724","Tvs Srichakra Limited","TVSSRICHAK","P&F | F.A","-0.51","4255.90","2134"
"1725","Bajaj Finserv Limited","BAJAJFINSV","P&F | F.A","-0.51","2072.40","268602"
"1726","Jupiter Life Line Hospitals Ltd","JLHL","P&F | F.A","-0.51","1411.50","3414"
"1727","Greenply Industries Limited","GREENPLY","P&F | F.A","-0.51","273.90","22175"
"1728","Sansera Engineering Ltd","SANSERA","P&F | F.A","-0.52","1690.30","28352"
"1729","Bharat Dynamics Ltd","BDL","P&F | F.A","-0.52","1402.50","540492"
"1730","Indian Hume Pipe Company Limited","INDIANHUME","P&F | F.A","-0.52","410.30","8103"
"1731","Hindustan Copper Limited","HINDCOPPER","P&F | F.A","-0.52","380.30","12050406"
"1732","Raj Oil Mills Ltd","ROML","P&F | F.A","-0.52","49.79","1519"
"1733","Mirza International Limited","MIRZAINT","P&F | F.A","-0.52","40.26","92651"
"1734","Alldigi Tech Ltd","ALLDIGI","P&F | F.A","-0.53","861.50","382"
"1735","Marathon Nextgen Realty Limited","MARATHON","P&F | F.A","-0.53","547.50","11830"
"1736","Vardhman Textiles Limited","VTL","P&F | F.A","-0.53","443.95","46440"
"1737","Vst Industries Limited","VSTIND","P&F | F.A","-0.53","253.95","45232"
"1738","Abbott India Limited","ABBOTINDIA","P&F | F.A","-0.54","27860.00","2323"
"1739","Hdfc Bank Limited","HDFCBANK","P&F | F.A","-0.54","996.10","6270348"
"1740","Hindalco Industries Limited","HINDALCO","P&F | F.A","-0.54","847.50","1653210"
"1741","Windlas Biotech Ltd","WINDLAS","P&F | F.A","-0.54","777.80","48337"
"1742","Indraprastha Gas Limited","IGL","P&F | F.A","-0.54","185.70","550092"
"1743","Manaksia Coated Metals & Industries Limited","MANAKCOAT","P&F | F.A","-0.54","134.90","66749"
"1744","Adani Ports And Special Economic Zone Limited","ADANIPORTS","P&F | F.A","-0.55","1514.40","572286"
"1745","Simplex Infrastructures Limited","SIMPLEXINF","P&F | F.A","-0.55","270.50","15227"
"1746","Power Grid Corporation Of India Limited","POWERGRID","P&F | F.A","-0.55","262.15","4438723"
"1747","Marksans Pharma Limited","MARKSANS","P&F | F.A","-0.55","192.80","281483"
"1748","TVS Supply Chain Solutions Ltd","TVSSCS","P&F | F.A","-0.55","108.85","174124"
"1749","Yes Bank Limited","YESBANK","P&F | F.A","-0.55","21.80","28727427"
"1750","Cosmo Films Ltd","COSMOFIRST","P&F | F.A","-0.56","714.05","24092"
"1751","Hercules Hoists Limited","HERCULES","P&F | F.A","-0.56","157.30","5551"
"1752","Gateway Distriparks Ltd","GATEWAY","P&F | F.A","-0.56","59.95","251992"
"1753","Dhanuka Agritech Limited","DHANUKA","P&F | F.A","-0.57","1198.00","9718"
"1754","Laurus Labs Limited","LAURUSLABS","P&F | F.A","-0.57","1006.50","650385"
"1755","Radiant Cash Management Services Ltd","RADIANTCMS","P&F | F.A","-0.57","52.35","64344"
"1756","Astrazeneca Pharma India Limited","ASTRAZEN","P&F | F.A","-0.58","9101.50","2236"
"1757","Madhya Bharat Agro Products Ltd","MBAPL","P&F | F.A","-0.58","406.25","21804"
"1758","Cemindia Projects Ltd","CEMPRO","P&F | F.A","-0.59","825.55","81138"
"1759","Tata Capital Ltd","TATACAP","P&F | F.A","-0.59","322.65","446372"
"1760","Suraj Estate Developers Ltd","SURAJEST","P&F | F.A","-0.59","262.25","25523"
"1761","Jm Financial Limited","JMFINANCIL","P&F | F.A","-0.59","145.34","1090192"
"1762","Kakatiya Cement Sugar & Industries Limited","KAKATCEM","P&F | F.A","-0.59","133.01","691"
"1763","Page Industries Limited","PAGEIND","P&F | F.A","-0.60","36710.00","4935"
"1764","Indian Bank","INDIANB","P&F | F.A","-0.60","784.60","1806438"
"1765","Precision Camshafts Limited","PRECAM","P&F | F.A","-0.60","154.80","83366"
"1766","Medico Remedies Ltd","MEDICO","P&F | F.A","-0.60","51.01","32410"
"1767","Jb Chemicals & Pharmaceuticals Limited","JBCHEPHARM","P&F | F.A","-0.61","1787.00","60898"
"1768","Sundaram Brake Linings Limited","SUNDRMBRAK","P&F | F.A","-0.61","670.00","908"
"1769","N R Agarwal Industries Ltd","NRAIL","P&F | F.A","-0.61","471.90","1531"
"1770","Mm Forgings Limited","MMFL","P&F | F.A","-0.61","357.20","41128"
"1771","Cubex Tubings Limited","CUBEXTUB","P&F | F.A","-0.61","94.63","13207"
"1772","Bpl Limited","BPL","P&F | F.A","-0.61","56.69","33533"
"1773","Mphasis Limited","MPHASIS","P&F | F.A","-0.62","2894.50","101770"
"1774","Sona BLW Precision Forgings Ltd","SONACOMS","P&F | F.A","-0.62","489.45","918928"
"1775","Mahindra Holidays & Resorts India Limited","MHRIL","P&F | F.A","-0.62","312.30","25034"
"1776","Prime Securities Limited","PRIMESECU","P&F | F.A","-0.62","278.95","6946"
"1777","Moschip Technologies Ltd","MOSCHIP","P&F | F.A","-0.62","204.85","324975"
"1778","Supreme Petrochem Ltd","SPLPETRO","P&F | F.A","-0.63","650.15","6617"
"1779","United Foodbrands Ltd","UFBL","P&F | F.A","-0.63","181.13","26053"
"1780","HDFC Nifty Growth Sectors 15 ETF","HDFCGROWTH","P&F | F.A","-0.63","128.66","3282"
"1781","Speciality Restaurants Limited","SPECIALITY","P&F | F.A","-0.63","115.98","10931"
"1782","BMW Ventures Ltd","BMWVENTLTD","P&F | F.A","-0.63","59.87","110657"
"1783","Dr. Lal Path Labs Ltd.","LALPATHLAB","P&F | F.A","-0.64","2856.10","125962"
"1784","Gland Pharma Ltd","GLAND","P&F | F.A","-0.64","1667.90","14029"
"1785","Hatsun Agro Product Limited","HATSUN","P&F | F.A","-0.64","1012.90","17176"
"1786","Indiqube Spaces Ltd","INDIQUBE","P&F | F.A","-0.64","192.69","6638"
"1787","Laxmi India Finance Ltd","LAXMIINDIA","P&F | F.A","-0.64","130.82","37939"
"1788","Shree Tirupati Balajee Agro Trading Co. Ltd","BALAJEE","P&F | F.A","-0.64","38.65","59541"
"1789","Silly Monks Entertainment Ltd","SILLYMONKS","P&F | F.A","-0.64","23.39","5125"
"1790","Maruti Suzuki India Limited","MARUTI","P&F | F.A","-0.65","16414.00","110825"
"1791","Fortis Healthcare Limited","FORTIS","P&F | F.A","-0.65","868.35","566216"
"1792","Gallantt Metal Limited","GALLANTT","P&F | F.A","-0.65","588.30","42060"
"1793","NINtec Systems Ltd","NINSYS","P&F | F.A","-0.65","406.50","639"
"1794","CIE Automotive India Ltd","CIEINDIA","P&F | F.A","-0.65","397.60","48758"
"1795","Asian Hotels (north) Limited","ASIANHOTNR","P&F | F.A","-0.65","326.55","10024"
"1796","B&B Triplewall Containers Ltd","BBTCL","P&F | F.A","-0.65","196.50","5185"
"1797","Om Infra Ltd","OMINFRAL","P&F | F.A","-0.65","102.11","63706"
"1798","Jsw Steel Limited","JSWSTEEL","P&F | F.A","-0.66","1118.10","690429"
"1799","Banaras Beads Limited","BANARBEADS","P&F | F.A","-0.66","129.52","1908"
"1800","Juniper Hotels Ltd","JUNIPER","P&F | F.A","-0.67","259.64","45343"
"1801","Apollo Tyres Limited","APOLLOTYRE","P&F | F.A","-0.68","506.55","206368"
"1802","Exide Industries Limited","EXIDEIND","P&F | F.A","-0.68","371.20","337810"
"1803","GFL Ltd","GFLLIMITED","P&F | F.A","-0.68","58.42","38558"
"1804","Ola Electric Mobility Ltd","OLAELEC","P&F | F.A","-0.68","36.44","13774523"
"1805","Cochin Shipyard","COCHINSHIP","P&F | F.A","-0.69","1588.00","206667"
"1806","Grindwell Norton Limited","GRINDWELL","P&F | F.A","-0.69","1571.10","7659"
"1807","Cipla Limited","CIPLA","P&F | F.A","-0.69","1507.00","631145"
"1808","Sumitomo Chemical India Ltd","SUMICHEM","P&F | F.A","-0.69","453.80","94711"
"1809","Ramco Industries Limited","RAMCOIND","P&F | F.A","-0.69","315.00","20759"
"1810","Ganesh Consumer Products Ltd","GANESHCP","P&F | F.A","-0.69","237.45","24861"
"1811","GROWWSLVR","GROWWSLVR","P&F | F.A","-0.69","188.29","615058"
"1812","Orient Cement Limited","ORIENTCEM","P&F | F.A","-0.69","164.40","265202"
"1813","Ganesh Benzoplast Ltd","GANESHBE","P&F | F.A","-0.69","78.68","19752"
"1814","Sanofi Consumer Healthcare India Ltd","SANOFICONR","P&F | F.A","-0.70","4585.10","305"
"1815","Zydus Lifesciences Ltd","ZYDUSLIFE","P&F | F.A","-0.70","922.65","292378"
"1816","AGI Infra Ltd","AGIIL","P&F | F.A","-0.70","262.10","129784"
"1817","JNK India Ltd","JNKINDIA","P&F | F.A","-0.70","233.00","79172"
"1818","Satin Creditcare Network Limited","SATIN","P&F | F.A","-0.70","142.48","35155"
"1819","Credo Brands Marketing Ltd","MUFTI","P&F | F.A","-0.71","97.28","46916"
"1820","Axiscades Engineering Technologies Limited","AXISCADES","P&F | F.A","-0.72","1288.60","20239"
"1821","Associated Alcohols & Breweries Ltd","ASALCBR","P&F | F.A","-0.72","952.00","11139"
"1822","The Karnataka Bank Limited","KTKBANK","P&F | F.A","-0.72","200.74","5130446"
"1823","Shankara Building Products","SHANKARA","P&F | F.A","-0.72","112.78","29601"
"1824","Uma Exports Ltd","UMAEXPORTS","P&F | F.A","-0.72","38.73","38229"
"1825","Central Depository Services Ltd","CDSL","P&F | F.A","-0.73","1515.40","552466"
"1826","Bf Investment Limited","BFINVEST","P&F | F.A","-0.73","407.10","10253"
"1827","Heranba Industries Ltd","HERANBA","P&F | F.A","-0.73","239.25","11368"
"1828","Varvee Global Ltd","VGL","P&F | F.A","-0.73","148.52","10909"
"1829","Motherson Sumi Systems Limited","MOTHERSON","P&F | F.A","-0.73","120.41","6274721"
"1830","ICICI Prudential Nifty Auto ETF","AUTOIETF","P&F | F.A","-0.73","28.43","310421"
"1831","Rhetan TMT Ltd","RHETAN","P&F | F.A","-0.73","24.60","113825"
"1832","Hester Biosciences Limited","HESTERBIO","P&F | F.A","-0.74","1593.30","1313"
"1833","Swiggy Ltd","SWIGGY","P&F | F.A","-0.74","413.40","6765209"
"1834","Divi's Laboratories Limited","DIVISLAB","P&F | F.A","-0.75","6378.50","79710"
"1835","Kaynes Technology India Ltd","KAYNES","P&F | F.A","-0.75","4233.50","4468256"
"1836","Ajanta Pharma Limited","AJANTPHARM","P&F | F.A","-0.75","2639.90","8329"
"1837","Sandur Manganese & Iron Ores Ltd","SANDUMA","P&F | F.A","-0.75","214.14","1764498"
"1838","Hemisphere Properties India Ltd","HEMIPROP","P&F | F.A","-0.75","133.50","103724"
"1839","Unicommerce eSolutions Ltd","UNIECOM","P&F | F.A","-0.75","118.38","73683"
"1840","Vikran Engineering Ltd","VIKRAN","P&F | F.A","-0.75","92.32","956439"
"1841","The Andhra Sugars Limited","ANDHRSUGAR","P&F | F.A","-0.75","76.50","32093"
"1842","Regaal Resources Ltd","REGAAL","P&F | F.A","-0.75","71.72","221142"
"1843","Sumit Woods Ltd","SUMIT","P&F | F.A","-0.75","69.11","16988"
"1844","Digicontent Ltd","DGCONTENT","P&F | F.A","-0.75","31.68","5087"
"1845","Vesuvius India Limited","VESUVIUS","P&F | F.A","-0.76","473.90","34559"
"1846","Niva Bupa Health Insurance Company Ltd","NIVABUPA","P&F | F.A","-0.76","74.81","609808"
"1847","Trident Limited","TRIDENT","P&F | F.A","-0.76","27.42","1217714"
"1848","Glaxosmithkline Pharmaceuticals Limited","GLAXO","P&F | F.A","-0.77","2580.70","15300"
"1849","Technocraft Industries (india) Limited","TIIL","P&F | F.A","-0.77","2178.40","4182"
"1850","Nippon India Nifty Auto ETF","AUTOBEES","P&F | F.A","-0.77","283.83","177541"
"1851","Iol Chemicals And Pharmaceuticals Limited","IOLCP","P&F | F.A","-0.77","82.44","303245"
"1852","Dynamatic Technologies Limited","DYNAMATECH","P&F | F.A","-0.78","9185.00","20757"
"1853","Jk Cement Limited","JKCEMENT","P&F | F.A","-0.78","5680.00","22582"
"1854","Angel One Ltd","ANGELONE","P&F | F.A","-0.78","2575.00","203228"
"1855","Idbi Bank Limited","IDBI","P&F | F.A","-0.78","99.00","4811024"
"1856","Kcp Sugar And Industries Corporation Limited","KCPSUGIND","P&F | F.A","-0.78","26.70","23910"
"1857","Ambica Agarbathies Aroma & Industries Ltd","AMBICAAGAR","P&F | F.A","-0.78","25.49","488"
"1858","Styrenix Performance Materials Ltd","STYRENIX","P&F | F.A","-0.79","2050.00","10650"
"1859","Syrma SGS Technology Ltd","SYRMA","P&F | F.A","-0.79","733.00","450796"
"1860","Ram Ratna Wires Ltd","RAMRAT","P&F | F.A","-0.79","611.10","14267"
"1861","Raymond Realty Ltd","RAYMONDREL","P&F | F.A","-0.79","479.80","45404"
"1862","Century Enka Limited","CENTENKA","P&F | F.A","-0.79","446.00","5782"
"1863","Bharat Heavy Electricals Limited","BHEL","P&F | F.A","-0.79","282.90","2936280"
"1864","Bhagiradha Chemicals & Industries Ltd","BHAGCHEM","P&F | F.A","-0.79","227.40","6794"
"1865","Edelweiss BSE Capital Markets & Insurance ETF","ECAPINSURE","P&F | F.A","-0.79","23.96","33058"
"1866","Bosch Limited","BOSCHLTD","P&F | F.A","-0.80","36420.00","3124"
"1867","K.p.r. Mill Limited","KPRMILL","P&F | F.A","-0.80","966.10","47859"
"1868","Innovana Thinklabs Ltd","INNOVANA","P&F | F.A","-0.80","440.05","2604"
"1869","Rural Electrification Corporation Limited","RECLTD","P&F | F.A","-0.80","341.65","4387404"
"1870","Mahindra Logistics Ltd","MAHLOG","P&F | F.A","-0.80","320.60","35089"
"1871","Diffusion Engineers Ltd","DIFFNKG","P&F | F.A","-0.80","311.45","23553"
"1872","L&T Finance Ltd","LTF","P&F | F.A","-0.80","305.40","2116661"
"1873","Lemon Tree Hotels Ltd","LEMONTREE","P&F | F.A","-0.80","161.60","607982"
"1874","NIFTYAUTO","NIFTYAUTO","P&F | F.A","-0.81","27595.65","0"
"1875","Jindal Poly Investment And Finance Company Limited","JPOLYINVST","P&F | F.A","-0.81","1086.10","3209"
"1876","HDFC Life Insurance Company Ltd","HDFCLIFE","P&F | F.A","-0.81","771.20","935365"
"1877","Latent View Analytics Ltd","LATENTVIEW","P&F | F.A","-0.81","490.95","211944"
"1878","Aurum Proptech Ltd","AURUM","P&F | F.A","-0.81","173.53","46367"
"1879","Cybertech Systems And Software Limited","CYBERTECH","P&F | F.A","-0.81","147.35","6430"
"1880","Tube Investments of India Ltd","TIINDIA","P&F | F.A","-0.82","2633.90","156776"
"1881","Suyog Telematics Ltd","SUYOG","P&F | F.A","-0.82","630.15","17482"
"1882","West Coast Paper Mills Limited","WSTCSTPAPR","P&F | F.A","-0.82","404.85","15964"
"1883","Patel Retail Ltd","PATELRMART","P&F | F.A","-0.82","206.15","30654"
"1884","Srf Limited","SRF","P&F | F.A","-0.83","2998.50","269925"
"1885","Prakash Industries Limited","PRAKASH","P&F | F.A","-0.83","133.61","296769"
"1886","Trigyn Technologies Limited","TRIGYN","P&F | F.A","-0.83","69.15","9723"
"1887","Shree Rama Newsprint Limited","RAMANEWS","P&F | F.A","-0.83","30.91","56201"
"1888","Solex Energy Ltd","SOLEX","P&F | F.A","-0.84","1497.40","10564"
"1889","Premier Polyfilm Limited","PREMIERPOL","P&F | F.A","-0.84","42.31","18366"
"1890","Tilaknagar Industries Limited","TI","P&F | F.A","-0.85","448.35","224918"
"1891","Eih Limited","EIHOTEL","P&F | F.A","-0.85","374.95","33930"
"1892","Sumeet Industries Limited","SUMEETINDS","P&F | F.A","-0.85","31.47","69618"
"1893","Varun Beverages Limited","VBL","P&F | F.A","-0.86","475.80","2067722"
"1894","Delhivery Ltd","DELHIVERY","P&F | F.A","-0.86","408.75","885479"
"1895","Dolat Algotech Ltd","DOLATALGO","P&F | F.A","-0.86","84.92","261592"
"1896","Hindustan Media Ventures Limited","HMVL","P&F | F.A","-0.86","65.66","5842"
"1897","Uno Minda Ltd","UNOMINDA","P&F | F.A","-0.87","1237.30","187303"
"1898","Dhunseri Investments Limited","DHUNINV","P&F | F.A","-0.87","1153.50","475"
"1899","Uttam Sugar Mills Limited","UTTAMSUGAR","P&F | F.A","-0.87","251.31","31332"
"1900","Puravankara Projects Limited","PURVA","P&F | F.A","-0.87","241.65","19682"
"1901","S Chand and Company Limited","SCHAND","P&F | F.A","-0.87","158.95","30533"
"1902","Steel City Securities Ltd","STEELCITY","P&F | F.A","-0.87","96.00","4063"
"1903","Icra Limited","ICRA","P&F | F.A","-0.88","6050.00","2288"
"1904","Lupin Limited","LUPIN","P&F | F.A","-0.88","2095.40","328208"
"1905","Suryoday Small Finance Bank Ltd","SURYODAY","P&F | F.A","-0.88","135.87","266063"
"1906","Motilal Oswal Nifty Capital Market ETF","MOCAPITAL","P&F | F.A","-0.88","46.27","219154"
"1907","Poly Medicure Limited","POLYMED","P&F | F.A","-0.89","1873.00","15098"
"1908","Prince Pipes & Fittings Ltd","PRINCEPIPE","P&F | F.A","-0.89","250.00","70642"
"1909","Greenlam Industries Limited","GREENLAM","P&F | F.A","-0.89","249.70","10154"
"1910","Manba Finance Ltd","MANBA","P&F | F.A","-0.89","137.85","21690"
"1911","K.m.sugar Mills Limited","KMSUGAR","P&F | F.A","-0.89","26.75","10202"
"1912","Sanofi India Limited","SANOFI","P&F | F.A","-0.90","4204.00","12794"
"1913","Gm Breweries Limited","GMBREW","P&F | F.A","-0.90","991.20","57424"
"1914","Gujarat State Petronet Limited","GSPL","P&F | F.A","-0.90","286.60","148491"
"1915","Nelcast Limited","NELCAST","P&F | F.A","-0.90","108.45","21833"
"1916","Aeroflex Neu Ltd","AERONEU","P&F | F.A","-0.90","85.50","135386"
"1917","Dwarikesh Sugar Industries Limited","DWARKESH","P&F | F.A","-0.90","39.59","187806"
"1918","Pioneer Embroideries Limited","PIONEEREMB","P&F | F.A","-0.90","28.77","10305"
"1919","Gujarat Gas Limited","GUJGASLTD","P&F | F.A","-0.91","392.05","482349"
"1920","Orient Technologies Ltd","ORIENTTECH","P&F | F.A","-0.91","339.05","120483"
"1921","Rbl Bank Limited","RBLBANK","P&F | F.A","-0.91","304.80","2101956"
"1922","EFC (I) Ltd","EFCIL","P&F | F.A","-0.91","292.40","114620"
"1923","Kalyani Investment Company Limited","KICL","P&F | F.A","-0.92","4968.00","382"
"1924","Premier Energies Ltd","PREMIERENE","P&F | F.A","-0.92","910.80","492095"
"1925","Patanjali Foods Ltd","PATANJALI","P&F | F.A","-0.92","531.90","911376"
"1926","Dcb Bank Limited","DCBBANK","P&F | F.A","-0.92","169.72","385040"
"1927","Everest Kanto Cylinder Limited","EKC","P&F | F.A","-0.92","117.88","72255"
"1928","Kamdhenu Limited","KAMDHENU","P&F | F.A","-0.93","25.69","435151"
"1929","Endurance Technologies Limited","ENDURANCE","P&F | F.A","-0.94","2616.00","45563"
"1930","Huhtamaki India Ltd","HUHTAMAKI","P&F | F.A","-0.94","210.70","83726"
"1931","Gillette India Limited","GILLETTE","P&F | F.A","-0.95","8063.00","10995"
"1932","Nalwa Sons Investments Limited","NSIL","P&F | F.A","-0.95","6661.00","1105"
"1933","Medicamen Biotech Ltd","MEDICAMEQ","P&F | F.A","-0.95","401.25","6836"
"1934","EPack Prefab Technologies Ltd","EPACKPEB","P&F | F.A","-0.95","293.30","579019"
"1935","Dhunseri Ventures Ltd","DVL","P&F | F.A","-0.95","287.90","3692"
"1936","Solar Industries India Limited","SOLARINDS","P&F | F.A","-0.96","12186.00","25327"
"1937","NGL Fine Chem Ltd","NGLFINE","P&F | F.A","-0.96","1314.00","1042"
"1938","Zensar Technologies Limited","ZENSARTECH","P&F | F.A","-0.96","729.05","94561"
"1939","Aditya Vision Ltd","AVL","P&F | F.A","-0.96","504.20","26429"
"1940","ASK Automotive Ltd","ASKAUTOLTD","P&F | F.A","-0.96","461.20","38141"
"1941","Western Carriers (India) Ltd","WCIL","P&F | F.A","-0.96","120.16","47855"
"1942","Prajay Engineers Syndicate Limited","PRAENG","P&F | F.A","-0.96","28.00","11313"
"1943","Gabriel India Limited","GABRIEL","P&F | F.A","-0.97","958.10","109487"
"1944","Capillary Technologies India Ltd","CAPILLARY","P&F | F.A","-0.97","712.35","2968384"
"1945","Hindustan Foods Ltd","HNDFDS","P&F | F.A","-0.97","528.15","18871"
"1946","KN Agri Resources Ltd","KNAGRI","P&F | F.A","-0.97","203.95","48611"
"1947","Waaree Energies Ltd","WAAREEENER","P&F | F.A","-0.98","2950.80","287238"
"1948","Sasken Communication Technologies Limited","SASKEN","P&F | F.A","-0.98","1216.70","31400"
"1949","Borosil Renewables Ltd","BORORENEW","P&F | F.A","-0.98","539.75","130872"
"1950","Faze Three Ltd","FAZE3Q","P&F | F.A","-0.98","454.45","12292"
"1951","Quick Heal Technologies Limited","QUICKHEAL","P&F | F.A","-0.98","278.35","38025"
"1952","Nippon India Nifty India Manufacturing ETF","MANUFGBEES","P&F | F.A","-0.98","152.26","7331"
"1953","Reliable Data Services Ltd","RELIABLE","P&F | F.A","-0.98","151.50","5349"
"1954","Avro India Ltd","AVROIND","P&F | F.A","-0.98","113.56","10872"
"1955","Paras Defence and Space Technologies Ltd","PARAS","P&F | F.A","-0.99","660.85","176059"
"1956","Varroc Engineering Ltd","VARROC","P&F | F.A","-0.99","643.70","41983"
"1957","Wonderla Holidays Limited","WONDERLA","P&F | F.A","-0.99","538.20","40977"
"1958","Aptus Value Housing Finance India Ltd","APTUS","P&F | F.A","-0.99","289.45","269458"
"1959","Sutlej Textiles And Industries Limited","SUTLEJTEX","P&F | F.A","-0.99","32.00","11659"
"1960","OneSource Specialty Pharma Ltd","ONESOURCE","P&F | F.A","-1.00","1618.90","33586"
"1961","ITC Hotels Ltd","ITCHOTELS","P&F | F.A","-1.00","191.70","1188583"
"1962","NMDC Steel Ltd","NSLNISP","P&F | F.A","-1.01","41.19","792628"
"1963","Brigade Enterprises Limited","BRIGADE","P&F | F.A","-1.02","877.05","82766"
"1964","eMudhra Ltd","EMUDHRA","P&F | F.A","-1.02","614.15","11860"
"1965","Steelcast Ltd","STEELCAS","P&F | F.A","-1.02","209.50","23707"
"1966","Nuvama Wealth Management Ltd","NUVAMA","P&F | F.A","-1.03","7276.50","23238"
"1967","AAVAS Financiers Ltd","AAVAS","P&F | F.A","-1.03","1553.00","70346"
"1968","Bgr Energy Systems Limited","BGRENERGY","P&F | F.A","-1.03","339.95","74523"
"1969","R&B Denims Ltd","RNBDENIMS","P&F | F.A","-1.03","120.59","26034"
"1970","Credit Analysis And Research Limited","CARERATING","P&F | F.A","-1.04","1525.00","29158"
"1971","Life Insurance Corporation of India","LICI","P&F | F.A","-1.04","858.60","361365"
"1972","Shradha Infraprojects Ltd","SHRADHA","P&F | F.A","-1.04","39.05","24238"
"1973","Walchandnagar Industries Limited","WALCHANNAG","P&F | F.A","-1.05","173.68","1324069"
"1974","Rswm Limited","RSWM","P&F | F.A","-1.05","152.00","7618"
"1975","Sudarshan Chemical Industries Limited","SUDARSCHEM","P&F | F.A","-1.06","985.90","27937"
"1976","Yatharth Hospital & Trauma Care Services Ltd","YATHARTH","P&F | F.A","-1.06","693.05","183157"
"1977","Devyani International Ltd","DEVYANI","P&F | F.A","-1.06","132.90","516510"
"1978","Ind-swift Laboratories Limited","INDSWFTLAB","P&F | F.A","-1.06","96.87","80968"
"1979","Goldstone Technologies Limited","GOLDTECH","P&F | F.A","-1.06","51.54","19019"
"1980","Mukka Proteins Ltd","MUKKA","P&F | F.A","-1.06","24.33","280714"
"1981","Madhav Marbles And Granites Limited","MADHAV","P&F | F.A","-1.07","40.81","1477"
"1982","Kewal Kiran Clothing Limited","KKCL","P&F | F.A","-1.08","485.00","9356"
"1983","Capri Global Capital Limited","CGCL","P&F | F.A","-1.08","182.15","512032"
"1984","Vintage Coffee & Beverages Ltd","VINCOFE","P&F | F.A","-1.08","163.50","1296817"
"1985","Century Extrusions Limited","CENTEXT","P&F | F.A","-1.08","21.00","49750"
"1986","Flair Writing Industries Ltd","FLAIR","P&F | F.A","-1.09","296.00","45847"
"1987","Bajaj Housing Finance Ltd","BAJAJHFL","P&F | F.A","-1.09","94.59","5272075"
"1988","Equippp Social Impact Technologies Ltd","EQUIPPP","P&F | F.A","-1.09","21.75","2020"
"1989","Brainbees Solutions Ltd","FIRSTCRY","P&F | F.A","-1.10","287.35","111309"
"1990","Modison Ltd","MODISONLTD","P&F | F.A","-1.10","139.10","36288"
"1991","NTPC Green Energy Ltd","NTPCGREEN","P&F | F.A","-1.10","90.52","1252979"
"1992","Cyient Limited","CYIENT","P&F | F.A","-1.11","1154.70","80752"
"1993","Optiemus Infracom Ltd","OPTIEMUS","P&F | F.A","-1.11","532.05","67101"
"1994","Man Infraconstruction Limited","MANINFRA","P&F | F.A","-1.11","129.64","104884"
"1995","Godrej Agrovet Ltd","GODREJAGRO","P&F | F.A","-1.12","585.00","51706"
"1996","Landmark Cars Ltd","LANDMARK","P&F | F.A","-1.12","512.70","5953"
"1997","Power Finance Corporation Limited","PFC","P&F | F.A","-1.12","340.35","3089048"
"1998","Adani Wilmar Ltd","AWL","P&F | F.A","-1.12","246.30","656553"
"1999","Centrum Capital Ltd","CENTRUM","P&F | F.A","-1.12","29.22","107812"
"2000","Valiant Organics Ltd","VALIANTORG","P&F | F.A","-1.13","271.30","16224"
"2001","Natural Capsules Ltd","NATCAPSUQ","P&F | F.A","-1.13","187.60","1176"
"2002","Cummins India Limited","CUMMINSIND","P&F | F.A","-1.14","4547.90","260753"
"2003","Jindal Photo Limited","JINDALPHOT","P&F | F.A","-1.14","1509.90","5689"
"2004","Bliss Gvs Pharma Limited","BLISSGVS","P&F | F.A","-1.14","142.73","414795"
"2005","Indo US Bio-Tech Ltd","INDOUS","P&F | F.A","-1.14","125.65","6842"
"2006","Focus Lighting & Fixtures Ltd","FOCUS","P&F | F.A","-1.14","80.46","55767"
"2007","Sobha Limited","SOBHA","P&F | F.A","-1.15","1433.00","59517"
"2008","Pakka Ltd","PAKKA","P&F | F.A","-1.15","103.17","65340"
"2009","Generic Engineering Construction & Projects Ltd","GENCON","P&F | F.A","-1.15","46.32","281522"
"2010","Cera Sanitaryware Limited","CERA","P&F | F.A","-1.16","5197.50","20836"
"2011","Jyoti CNC Automation Ltd","JYOTICNC","P&F | F.A","-1.16","946.60","148865"
"2012","Aaron Industries Ltd","AARON","P&F | F.A","-1.16","180.84","2785"
"2013","RKEC Projects Ltd","RKEC","P&F | F.A","-1.16","54.42","12750"
"2014","Jubilant Foodworks Limited","JUBLFOOD","P&F | F.A","-1.17","576.70","1113300"
"2015","Keystone Realtors Ltd","RUSTOMJEE","P&F | F.A","-1.17","532.95","2537"
"2016","Shipping Corporation Of India Limited","SCI","P&F | F.A","-1.17","222.79","694594"
"2017","NIFTYCAPITALMKT","NIFTYCAPITALMKT","P&F | F.A","-1.18","4603.50","0"
"2018","Fine Organic Industries Ltd","FINEORG","P&F | F.A","-1.18","4357.00","4512"
"2019","United Breweries Limited","UBL","P&F | F.A","-1.18","1628.70","29077"
"2020","Info Edge (india) Limited","NAUKRI","P&F | F.A","-1.18","1361.50","735335"
"2021","Ceigall India Ltd","CEIGALL","P&F | F.A","-1.18","231.94","36974"
"2022","Damodar Industries Limited","DAMODARIND","P&F | F.A","-1.18","31.12","1100"
"2023","Pilani Investment And Industries Corporation Limited","PILANIINVS","P&F | F.A","-1.19","5167.00","1644"
"2024","Mankind Pharma Ltd","MANKIND","P&F | F.A","-1.19","2152.90","459267"
"2025","UTI Asset Management Company Ltd","UTIAMC","P&F | F.A","-1.19","1132.80","247293"
"2026","Bansal Wire Industries Ltd","BANSALWIRE","P&F | F.A","-1.19","315.75","28578"
"2027","Foseco India Limited","FOSECOIND","P&F | F.A","-1.20","5120.50","391"
"2028","Zinka Logistics Solutions Ltd","BLACKBUCK","P&F | F.A","-1.20","645.85","134294"
"2029","Jaro Institute of Technol. Mgt. and Research Ltd","JARO","P&F | F.A","-1.20","550.65","61215"
"2030","Aegis Vopak Terminals Ltd","AEGISVOPAK","P&F | F.A","-1.20","246.80","170950"
"2031","Kernex Microsystems (india) Limited","KERNEX","P&F | F.A","-1.21","1014.00","37381"
"2032","Sundrop Brands Ltd","SUNDROP","P&F | F.A","-1.21","708.25","2900"
"2033","Munjal Showa Limited","MUNJALSHOW","P&F | F.A","-1.21","122.80","16232"
"2034","Bharat Gears Limited","BHARATGEAR","P&F | F.A","-1.21","103.10","9326"
"2035","Zen Technologies Limited","ZENTEC","P&F | F.A","-1.23","1372.00","87359"
"2036","Panacea Biotec Limited","PANACEABIO","P&F | F.A","-1.23","358.80","88829"
"2037","Triveni Engineering & Industries Limited","TRIVENI","P&F | F.A","-1.23","353.45","198969"
"2038","Jubilant Agri & Consumer Products Ltd","JUBLCPL","P&F | F.A","-1.24","2310.00","1174"
"2039","Skf India Limited","SKFINDIA","P&F | F.A","-1.24","1798.80","18777"
"2040","Indo-national Limited","NIPPOBATRY","P&F | F.A","-1.24","419.75","4681"
"2041","Hindustan Composites Limited","HINDCOMPOS","P&F | F.A","-1.24","414.95","1681"
"2042","Apollo Micro Systems Ltd","APOLLO","P&F | F.A","-1.25","233.05","2800627"
"2043","United Drilling Tools Ltd","UNIDT","P&F | F.A","-1.25","207.93","12370"
"2044","Century Plyboards (india) Limited","CENTURYPLY","P&F | F.A","-1.26","833.40","21079"
"2045","KRN Heat Exchanger and Refrigeration Ltd","KRN","P&F | F.A","-1.26","765.45","70965"
"2046","Kamat Hotels (i) Limited","KAMATHOTEL","P&F | F.A","-1.26","228.91","17451"
"2047","Borosil Scientific Ltd","BOROSCI","P&F | F.A","-1.26","124.20","18683"
"2048","Beta Drugs Ltd","BETA","P&F | F.A","-1.27","1622.00","1062"
"2049","Antony Waste Handling Cell Ltd","AWHCL","P&F | F.A","-1.27","439.50","34501"
"2050","Gujarat Themis Biosyn Ltd","GUJTHEM","P&F | F.A","-1.27","385.05","13851"
"2051","Strides Shasun Limited","STAR","P&F | F.A","-1.28","871.25","96709"
"2052","Pokarna Limited","POKARNA","P&F | F.A","-1.29","854.35","29843"
"2053","Nitin Spinners Limited","NITINSPIN","P&F | F.A","-1.29","313.55","17198"
"2054","Mirc Electronics Limited","MIRCELECTR","P&F | F.A","-1.29","24.56","39550"
"2055","Bharat Forge Limited","BHARATFORG","P&F | F.A","-1.30","1408.00","332360"
"2056","Mangal Credit & Fincorp Ltd","MANCREDIT","P&F | F.A","-1.30","171.95","18101"
"2057","Travel Food Services Ltd","TRAVELFOOD","P&F | F.A","-1.31","1269.60","10433"
"2058","J.kumar Infraprojects Limited","JKIL","P&F | F.A","-1.31","556.90","35967"
"2059","Nrb Industrial Bearings Limited","NIBL","P&F | F.A","-1.31","30.10","6718"
"2060","Force Motors Ltd","FORCEMOT","P&F | F.A","-1.32","17185.00","16853"
"2061","Vadilal Industries Limited","VADILALIND","P&F | F.A","-1.32","5060.00","5451"
"2062","Tinna Rubber & Infrastructure Ltd","TINNARUBR","P&F | F.A","-1.32","787.05","9859"
"2063","Prestige Estates Projects Limited","PRESTIGE","P&F | F.A","-1.33","1638.80","186487"
"2064","SecureKloud Technologies Ltd","SECURKLOUD","P&F | F.A","-1.33","24.56","13688"
"2065","Ador Welding Ltd","ADOR","P&F | F.A","-1.34","1059.20","6124"
"2066","Butterfly Gandhimathi Appliances Limited","BUTTERFLY","P&F | F.A","-1.34","679.55","1300"
"2067","Solarworld Energy Solutions Ltd","SOLARWORLD","P&F | F.A","-1.34","283.50","39548"
"2068","Inox Green Energy Services Ltd","INOXGREEN","P&F | F.A","-1.34","201.30","445397"
"2069","L&t Technology Services Limited","LTTS","P&F | F.A","-1.35","4612.80","28496"
"2070","Dr Agarwals Health Care Ltd","AGARWALEYE","P&F | F.A","-1.35","498.90","52216"
"2071","Somi Conveyor Beltings Limited","SOMICONVEY","P&F | F.A","-1.35","130.50","1803"
"2072","Anuh Pharma Ltd","ANUHPHR","P&F | F.A","-1.35","78.24","26130"
"2073","Max Financial Services Limited","MFSL","P&F | F.A","-1.36","1695.60","372471"
"2074","Thomas Scott (india) Limited","THOMASCOTT","P&F | F.A","-1.36","344.20","5693"
"2075","Arfin India Ltd","ARFIN","P&F | F.A","-1.36","64.00","112501"
"2076","Sundaram Clayton Ltd","SUNCLAY","P&F | F.A","-1.38","1254.00","2740"
"2077","Welspun Living Ltd","WELSPUNLIV","P&F | F.A","-1.38","135.46","775444"
"2078","Prism Johnson Ltd","PRSMJOHNSN","P&F | F.A","-1.38","128.95","144340"
"2079","Ethos Ltd","ETHOSLTD","P&F | F.A","-1.39","3007.50","4991"
"2080","JSW Cement Ltd","JSWCEMENT","P&F | F.A","-1.39","119.55","2107252"
"2081","Sarthak Metals Ltd","SMLT","P&F | F.A","-1.39","96.44","21101"
"2082","J.G.Chemicals Ltd","JGCHEM","P&F | F.A","-1.40","362.15","51669"
"2083","Ecos (India) Mobility & Hospitality Ltd","ECOSMOBLTY","P&F | F.A","-1.40","226.60","66837"
"2084","Shree Renuka Sugars Limited","RENUKA","P&F | F.A","-1.40","26.83","801789"
"2085","Alembic Pharmaceuticals Limited","APLLTD","P&F | F.A","-1.41","864.50","38552"
"2086","Oriental Hotels Limited","ORIENTHOT","P&F | F.A","-1.41","104.85","93335"
"2087","Avalon Technologies Ltd","AVALON","P&F | F.A","-1.42","858.35","59187"
"2088","V-mart Retail Limited","VMART","P&F | F.A","-1.42","750.10","11685"
"2089","Sapphire Foods India Ltd","SAPPHIRE","P&F | F.A","-1.42","234.69","144721"
"2090","Bharat Wire Ropes Limited","BHARATWIRE","P&F | F.A","-1.42","175.58","42664"
"2091","Vishal Mega Mart Ltd","VMM","P&F | F.A","-1.43","132.84","3848113"
"2092","Ptc India Financial Services Limited","PFS","P&F | F.A","-1.43","33.79","224007"
"2093","Atlanta Electricals Ltd","ATLANTAELE","P&F | F.A","-1.44","911.75","27779"
"2094","Thyrocare Technologies Limited","THYROCARE","P&F | F.A","-1.47","429.35","169663"
"2095","Indus Towers Ltd (Bharti Infratel)","INDUSTOWER","P&F | F.A","-1.47","409.10","7583945"
"2096","Hindprakash Industries Ltd","HPIL","P&F | F.A","-1.47","130.25","2599"
"2097","P N Gadgil Jewellers Ltd","PNGJL","P&F | F.A","-1.48","600.20","75249"
"2098","Canara Robeco Asset Management Company Ltd","CRAMC","P&F | F.A","-1.48","293.85","195197"
"2099","Piramal Pharma Ltd","PPLPHARMA","P&F | F.A","-1.48","171.87","1436126"
"2100","Carysil Ltd","CARYSIL","P&F | F.A","-1.49","913.90","41952"
"2101","HDB Financial Services Ltd","HDBFS","P&F | F.A","-1.49","754.35","233136"
"2102","Hilton Metal Forging Limited","HILTON","P&F | F.A","-1.49","40.22","28922"
"2103","Mahanagar Telephone Nigam Limited","MTNL","P&F | F.A","-1.49","36.31","445376"
"2104","Unimech Aerospace and Manufacturing Ltd","UNIMECH","P&F | F.A","-1.50","930.05","29622"
"2105","Amanta Healthcare Ltd","AMANTA","P&F | F.A","-1.50","104.02","5707"
"2106","The Jammu & Kashmir Bank Limited","J&KBANK","P&F | F.A","-1.50","100.99","1536791"
"2107","E2E Networks Ltd","E2E","P&F | F.A","-1.51","2073.00","44327"
"2108","Signpost India Ltd","SIGNPOST","P&F | F.A","-1.51","218.33","4478"
"2109","Plastiblends India Limited","PLASTIBLEN","P&F | F.A","-1.51","160.80","3693"
"2110","Wonder Electricals Ltd","WEL","P&F | F.A","-1.52","168.69","68202"
"2111","International Conveyors Ltd","INTLCONV","P&F | F.A","-1.52","92.76","40353"
"2112","Arvind Smartspaces Limited","ARVSMART","P&F | F.A","-1.53","586.50","10736"
"2113","SRG Housing Finance Ltd","SRGHFL","P&F | F.A","-1.53","264.05","474"
"2114","Ipca Laboratories Limited","IPCALAB","P&F | F.A","-1.54","1443.30","58631"
"2115","Seshaasai Technologies Ltd","STYL","P&F | F.A","-1.54","291.05","41972"
"2116","Hind Rectifiers Limited","HIRECT","P&F | F.A","-1.55","1461.10","6185"
"2117","Welspun Enterprises Limited","WELENT","P&F | F.A","-1.55","506.40","87151"
"2118","Jagsonpal Pharmaceuticals Limited","JAGSNPHARM","P&F | F.A","-1.55","199.32","29378"
"2119","Eicher Motors Limited","EICHERMOT","P&F | F.A","-1.56","7116.00","277329"
"2120","Sanstar Ltd","SANSTAR","P&F | F.A","-1.56","91.45","80025"
"2121","Honasa Consumer Ltd","HONASA","P&F | F.A","-1.57","257.35","618958"
"2122","Anupam Rasayan India Ltd","ANURAS","P&F | F.A","-1.58","1286.60","324947"
"2123","Chalet Hotels Ltd","CHALET","P&F | F.A","-1.58","885.95","48568"
"2124","SAATVIKGL","SAATVIKGL","P&F | F.A","-1.58","369.60","53637"
"2125","Nocil Limited","NOCIL","P&F | F.A","-1.58","156.37","246686"
"2126","BCL Industries Ltd","BCLIND","P&F | F.A","-1.58","31.82","335209"
"2127","Atul Limited","ATUL","P&F | F.A","-1.59","5833.50","5524"
"2128","Remsons Industries Limited","REMSONSIND","P&F | F.A","-1.59","116.35","55032"
"2129","Airo Lam Ltd","AIROLAM","P&F | F.A","-1.60","102.00","1671"
"2130","Blue Jet Healthcare Ltd","BLUEJET","P&F | F.A","-1.61","549.55","175864"
"2131","Salona Cotspin Limited","SALONA","P&F | F.A","-1.61","280.45","1784"
"2132","Elin Electronics Ltd","ELIN","P&F | F.A","-1.61","167.85","29836"
"2133","Niraj Cement Structurals Ltd","NIRAJ","P&F | F.A","-1.61","34.14","44458"
"2134","Medi Assist Healthcare Services Ltd","MEDIASSIST","P&F | F.A","-1.62","461.65","69683"
"2135","Mahindra & Mahindra Limited","M&M","P&F | F.A","-1.63","3619.70","1015238"
"2136","Vikram Solar Ltd","VIKRAMSOLR","P&F | F.A","-1.63","239.10","491905"
"2137","Lagnam Spintex Ltd","LAGNAM","P&F | F.A","-1.64","67.01","3428"
"2138","PSP Projects","PSPPROJECT","P&F | F.A","-1.65","883.40","33892"
"2139","Campus Activewear Ltd","CAMPUS","P&F | F.A","-1.65","259.00","164099"
"2140","Satia Industries Ltd","SATIA","P&F | F.A","-1.66","66.16","71270"
"2141","SCODATUBES","SCODATUBES","P&F | F.A","-1.67","154.60","128838"
"2142","Shemaroo Entertainment Limited","SHEMAROO","P&F | F.A","-1.67","107.10","2130"
"2143","TCPL Packaging Ltd","TCPLPACK","P&F | F.A","-1.68","2939.50","1773"
"2144","Aurionpro Solutions Limited","AURIONPRO","P&F | F.A","-1.68","1132.20","29473"
"2145","DCM Nouvelle Ltd","DCMNVL","P&F | F.A","-1.68","127.02","8024"
"2146","Kingfa Science & Technology (india) Limited","KINGFA","P&F | F.A","-1.69","3788.00","1627"
"2147","Supriya Lifescience Ltd","SUPRIYA","P&F | F.A","-1.69","731.90","50423"
"2148","Poonawalla Fincorp Ltd","POONAWALLA","P&F | F.A","-1.69","443.80","513995"
"2149","Balaji Telefilms Limited","BALAJITELE","P&F | F.A","-1.69","107.00","95717"
"2150","Ratnamani Metals & Tubes Limited","RATNAMANI","P&F | F.A","-1.70","2410.10","6584"
"2151","Camlin Fine Sciences Limited","CAMLINFINE","P&F | F.A","-1.70","161.05","483046"
"2152","HEC Infra Projects Ltd","HECPROJECT","P&F | F.A","-1.70","125.96","4079"
"2153","Lokesh Machines Limited","LOKESHMACH","P&F | F.A","-1.71","170.65","102043"
"2154","Pnb Housing Finance Limited","PNBHOUSING","P&F | F.A","-1.73","920.90","1641616"
"2155","Vertoz Ltd","VERTOZ","P&F | F.A","-1.73","73.85","184955"
"2156","Kilitch Drugs (india) Limited","KILITCH","P&F | F.A","-1.77","335.60","13521"
"2157","Oil & Natural Gas Corporation Limited","ONGC","P&F | F.A","-1.77","233.80","9585334"
"2158","Chembond Chemicals Ltd","CHEMBONDCH","P&F | F.A","-1.77","157.48","6784"
"2159","NACL Industries Ltd","NACLIND","P&F | F.A","-1.80","168.86","132962"
"2160","Orkla India Ltd","ORKLAINDIA","P&F | F.A","-1.81","613.35","74468"
"2161","IIFL Capital Services Ltd","IIFLCAPS","P&F | F.A","-1.81","314.00","167941"
"2162","Innova Captab Ltd","INNOVACAP","P&F | F.A","-1.82","708.25","10992"
"2163","Sterling & Wilson Renewable Energy Ltd","SWSOLAR","P&F | F.A","-1.82","213.90","671765"
"2164","Hyundai Motor India Ltd","HYUNDAI","P&F | F.A","-1.83","2299.40","891569"
"2165","KPIT Technologies Ltd","KPITTECH","P&F | F.A","-1.83","1215.30","588589"
"2166","Pi Industries Limited","PIIND","P&F | F.A","-1.85","3250.00","113165"
"2167","Fujiyama Power Systems Ltd","UTLSOLAR","P&F | F.A","-1.85","201.00","216006"
"2168","Sigachi Industries Ltd","SIGACHI","P&F | F.A","-1.85","34.44","784661"
"2169","Bls International Services Limited","BLS","P&F | F.A","-1.87","314.65","575638"
"2170","Garware Hi Tech Films Ltd","GRWRHITECH","P&F | F.A","-1.89","3620.00","26123"
"2171","Albert David Limited","ALBERTDAVD","P&F | F.A","-1.90","755.70","2433"
"2172","TVS Holdings Ltd","TVSHLTD","P&F | F.A","-1.91","14323.00","2329"
"2173","Shilpa Medicare Limited","SHILPAMED","P&F | F.A","-1.92","324.80","239264"
"2174","Odigma Consultancy Solutions Ltd","ODIGMA","P&F | F.A","-1.92","31.65","6271"
"2175","Izmo Limited","IZMO","P&F | F.A","-1.93","836.10","20347"
"2176","Wework India Management Ltd","WEWORK","P&F | F.A","-1.94","582.30","84595"
"2177","Orient Paper & Industries Limited","ORIENTPPR","P&F | F.A","-1.94","22.79","259563"
"2178","Dev Accelerator Ltd","DEVX","P&F | F.A","-1.96","43.01","87789"
"2179","Dharmaj Crop Guard Ltd","DHARMAJ","P&F | F.A","-1.98","232.89","18297"
"2180","Sonam Ltd","SONAMLTD","P&F | F.A","-1.98","42.62","24181"
"2181","Sri Lotus Developers & Realty Ltd","LOTUSDEV","P&F | F.A","-1.99","153.45","280041"
"2182","Supreme Holdings & Hospitality Ltd","SUPREME","P&F | F.A","-1.99","79.43","19901"
"2183","Nitiraj Engineers Ltd","NITIRAJ","P&F | F.A","-2.00","193.00","832"
"2184","Ester Industries Limited","ESTER","P&F | F.A","-2.00","105.07","30348"
"2185","Ponni Sugars (erode) Limited","PONNIERODE","P&F | F.A","-2.03","277.00","9171"
"2186","Sampann Utpadan India Ltd","SAMPANN","P&F | F.A","-2.08","31.98","19887"
"2187","Paradeep Phosphates Ltd","PARADEEP","P&F | F.A","-2.09","153.02","1405010"
"2188","Intrasoft Technologies Limited","ISFT","P&F | F.A","-2.09","97.68","8939"
"2189","Nupur Recyclers Ltd","NRL","P&F | F.A","-2.09","59.11","21320"
"2190","Mrs Bectors Food Specialities Ltd","BECTORFOOD","P&F | F.A","-2.10","265.50","194791"
"2191","Jsw Holdings Limited","JSWHL","P&F | F.A","-2.12","21695.00","3749"
"2192","Anjani Portland Cement Ltd.-$","APCL","P&F | F.A","-2.12","120.00","4260"
"2193","S. P. Apparels Limited","SPAL","P&F | F.A","-2.13","711.30","14421"
"2194","Tejas Networks","TEJASNET","P&F | F.A","-2.13","469.15","707355"
"2195","Kross Ltd","KROSS","P&F | F.A","-2.13","173.89","168023"
"2196","Sportking India Ltd","SPORTKING","P&F | F.A","-2.14","87.83","43824"
"2197","Orchid Pharma Ltd","ORCHPHARMA","P&F | F.A","-2.15","831.70","15300"
"2198","Modis Navnirman Ltd","MODIS","P&F | F.A","-2.15","338.35","172"
"2199","PINELABS","PINELABS","P&F | F.A","-2.15","232.05","709409"
"2200","Aditya Birla Fashion And Retail Limited","ABFRL","P&F | F.A","-2.16","75.99","1327036"
"2201","Emcure Pharmaceuticals Ltd","EMCURE","P&F | F.A","-2.17","1407.40","66365"
"2202","Gokaldas Exports Limited","GOKEX","P&F | F.A","-2.17","830.45","76641"
"2203","Signet Industries Ltd","SIGIND","P&F | F.A","-2.17","54.59","8104"
"2204","Paisalo Digital Ltd","PAISALO","P&F | F.A","-2.17","36.99","2019778"
"2205","Shree Pushkar Chemicals & Fertilisers Limited","SHREEPUSHK","P&F | F.A","-2.19","375.30","16827"
"2206","Aspinwall And Company Limited","ASPINWALL","P&F | F.A","-2.20","231.60","133"
"2207","Cholamandalam Financial Holdings Ltd","CHOLAHLDNG","P&F | F.A","-2.21","1893.90","79822"
"2208","Tenneco Clean Air India Ltd","TENNIND","P&F | F.A","-2.22","462.50","695887"
"2209","Patel Engineering Limited","PATELENG","P&F | F.A","-2.22","29.47","4773361"
"2210","PTC Industries Ltd","PTCIL","P&F | F.A","-2.23","17829.00","8359"
"2211","New India Assurance Company Ltd","NIACL","P&F | F.A","-2.23","168.09","506226"
"2212","Manaksia Limited","MANAKSIA","P&F | F.A","-2.23","60.40","12509"
"2213","Foods & Inns Ltd","FOODSIN","P&F | F.A","-2.24","71.88","346216"
"2214","Gensol Engineering Ltd","GENSOL","P&F | F.A","-2.25","27.41","46798"
"2215","Mahalaxmi Rubtech Ltd","MHLXMIRU","P&F | F.A","-2.27","219.81","4955"
"2216","Le Travenues Technology Ltd","IXIGO","P&F | F.A","-2.28","250.20","558111"
"2217","Euro Pratik Sales Ltd","EUROPRATIK","P&F | F.A","-2.30","294.65","56503"
"2218","Raghav Productivity Enhancers Ltd","RPEL","P&F | F.A","-2.31","971.20","17571"
"2219","Sudeep Pharma Ltd","SUDEEPPHRM","P&F | F.A","-2.32","682.55","151817"
"2220","Veranda Learning Solutions Ltd","VERANDA","P&F | F.A","-2.33","185.70","145667"
"2221","Acutaas Chemicals Ltd","ACUTAAS","P&F | F.A","-2.35","1624.90","94005"
"2222","Coastal Corporation Ltd","COASTCORP","P&F | F.A","-2.38","42.75","26725"
"2223","Parag Milk Foods Limited","PARAGMILK","P&F | F.A","-2.39","312.35","412349"
"2224","Zim Laboratories Ltd","ZIMLAB","P&F | F.A","-2.39","71.60","14959"
"2225","Metro Brands Ltd","METROBRAND","P&F | F.A","-2.42","1137.00","16531"
"2226","Megastar Foods Ltd","MEGASTAR","P&F | F.A","-2.46","246.21","1654"
"2227","Industrial Investment Trust Limited","IITL","P&F | F.A","-2.46","167.21","2131"
"2228","HDFC Asset Management Company Ltd","HDFCAMC","P&F | F.A","-2.48","2608.40","352969"
"2229","Asian Granito India Limited","ASIANTILES","P&F | F.A","-2.50","61.95","262875"
"2230","Pritish Nandy Communications Limited","PNC","P&F | F.A","-2.50","26.52","1598"
"2231","BSE (Bombay stock exchange)","BSE","P&F | F.A","-2.52","2666.00","2321152"
"2232","Mukand Limited","MUKANDLTD","P&F | F.A","-2.53","133.44","40206"
"2233","Ramco Systems Limited","RAMCOSYS","P&F | F.A","-2.55","641.95","76056"
"2234","Shreyans Industries Limited","SHREYANIND","P&F | F.A","-2.62","176.00","4771"
"2235","Rainbow Childrens Medicare Ltd","RAINBOW","P&F | F.A","-2.63","1348.40","102125"
"2236","Fabtech Technologies Ltd","FABTECH","P&F | F.A","-2.64","232.76","800715"
"2237","Aditya Birla Capital Ltd","ABCAPITAL","P&F | F.A","-2.65","353.35","2432639"
"2238","Ucal Ltd","UCAL","P&F | F.A","-2.65","112.20","3020"
"2239","Motilal Oswal Financial Services Limited","MOTILALOFS","P&F | F.A","-2.66","841.55","516377"
"2240","Ravindra Energy Ltd","RELTD","P&F | F.A","-2.67","161.10","40998"
"2241","Kaya Limited","KAYA","P&F | F.A","-2.68","346.25","1176"
"2242","Visa Steel Limited","VISASTEEL","P&F | F.A","-2.72","47.57","9546"
"2243","Arvee Laboratories (India) Ltd","ARVEE","P&F | F.A","-2.74","198.52","3471"
"2244","Global Surfaces Ltd","GSLSU","P&F | F.A","-2.74","115.20","17180"
"2245","Sterlite Technologies Limited","STLTECH","P&F | F.A","-2.74","97.85","437522"
"2246","GE Vernova T&D India Ltd","GVT&D","P&F | F.A","-2.75","2967.00","127550"
"2247","Rajshree Sugars & Chemicals Limited","RAJSREESUG","P&F | F.A","-2.75","36.75","68076"
"2248","Ifb Agro Industries Limited","IFBAGRO","P&F | F.A","-2.80","1221.00","9199"
"2249","Apex Frozen Foods","APEX","P&F | F.A","-2.82","258.90","181496"
"2250","Ratnaveer Precision Engineering Ltd","RATNAVEER","P&F | F.A","-2.82","154.99","674944"
"2251","Total Transport Systems Ltd","TOTAL","P&F | F.A","-2.83","78.00","10167"
"2252","Anik Industries Limited","ANIKINDS","P&F | F.A","-2.85","53.51","146944"
"2253","Automotive Axles Limited","AUTOAXLES","P&F | F.A","-2.91","1816.00","6842"
"2254","Stove Kraft Ltd","STOVEKRAFT","P&F | F.A","-2.95","602.95","34383"
"2255","Markolines Pavement Technologies Ltd","MARKOLINES","P&F | F.A","-2.96","165.44","65393"
"2256","Autoline Industries Limited","AUTOIND","P&F | F.A","-2.99","71.96","80868"
"2257","W S Industries (i) Limited","WSI","P&F | F.A","-3.10","81.08","129575"
"2258","Nagreeka Capital & Infrastructure Limited","NAGREEKCAP","P&F | F.A","-3.14","26.25","2337"
"2259","Sical Logistics Ltd","SICALLOG","P&F | F.A","-3.18","93.90","2413"
"2260","Arkade Developers Ltd","ARKADE","P&F | F.A","-3.30","138.42","844654"
"2261","Physicswallah Ltd","PWL","P&F | F.A","-3.31","131.49","12973152"
"2262","Restaurant Brands Asia Ltd","RBA","P&F | F.A","-3.33","65.65","5598574"
"2263","Raymond Lifestyle Ltd","RAYMONDLSL","P&F | F.A","-3.42","1100.10","110746"
"2264","Emmvee Photovoltaic Power Ltd","EMMVEE","P&F | F.A","-3.47","187.00","1409426"
"2265","The Hi-tech Gears Limited","HITECHGEAR","P&F | F.A","-3.48","666.00","1669"
"2266","Emami Realty Ltd","EMAMIREAL","P&F | F.A","-3.48","82.68","17819"
"2267","Shiva Mills Ltd","SHIVAMILLS","P&F | F.A","-3.51","59.10","4153"
"2268","Ccl Products (india) Limited","CCL","P&F | F.A","-3.53","989.10","305710"
"2269","Sintercom India Ltd","SINTERCOM","P&F | F.A","-3.56","102.00","30392"
"2270","Websol Energy System Limited","WEBELSOLAR","P&F | F.A","-3.66","86.67","5516200"
"2271","Andhra Cements Ltd","ACL","P&F | F.A","-3.75","70.76","3568"
"2272","Aban Offshore Limited","ABAN","P&F | F.A","-3.75","29.30","57958"
"2273","Eldeco Housing & Industries Ltd","ELDEHSG","P&F | F.A","-3.80","899.70","3383"
"2274","Aarey Drugs & Pharmaceuticals Ltd","AAREYDRUGS","P&F | F.A","-4.14","64.39","102854"
"2275","Magellanic Cloud Ltd","MCLOUD","P&F | F.A","-4.26","28.33","5541255"
"2276","G-Tec Janix Education Ltd","GTECJAINX","P&F | F.A","-4.28","25.70","30528"
"2277","Manomay Tex India Ltd","MANOMAY","P&F | F.A","-4.34","215.00","84375"
"2278","Urban Company Ltd","URBANCO","P&F | F.A","-4.34","123.25","9895277"
"2279","Bandhan Nifty 50 ETF","IDFNIFTYET","P&F | F.A","-4.41","324.01","37714"
"2280","Vls Finance Limited","VLSFINANCE","P&F | F.A","-4.98","284.55","121878"
"2281","Nureca Ltd","NURECA","P&F | F.A","-4.99","282.60","21835"
"2282","Eastern Silk Industries Limited","EASTSILK","P&F | F.A","-4.99","86.94","51"
"2283","Venus Remedies Limited","VENUSREM","P&F | F.A","-5.00","784.15","34205"
"2284","Stallion India Fluorochemicals Ltd","STALLION","P&F | F.A","-5.00","216.53","148250"
"2285","Ujaas Energy Ltd","UEL","P&F | F.A","-5.00","149.78","682"
"2286","Matrimony.com Ltd","MATRIMONY","P&F | F.A","-5.04","518.50","333715"
"2287","Bharat Rasayan Limited","BHARATRAS","P&F | F.A","-5.16","2520.00","34551"
"2288","BLUESTONE","BLUESTONE","P&F | F.A","-5.96","496.00","560175"
"2289","Embassy Development Limited","EMBDL","P&F | F.A","-5.98","68.26","5450054"
"2290","Rossell India Limited","ROSSELLIND","P&F | F.A","-6.05","51.72","81501"
"2291","Shaily Engineering Plastics Ltd","SHAILY","P&F | F.A","-6.22","2294.90","229270"
"2292","Welspun Investments And Commercials Limited","WELINV","P&F | F.A","-6.28","1343.60","3447"
"2293","Moneyboxx Finance Ltd","MONEYBOXX","P&F | F.A","-50.00","68.00","65120"